6037;1471824000;PREVENTIVA;Agendado
6465;1471824000;PREVENTIVA;Agendado
6468;1471910400;PREVENTIVA;Agendado
6216;1471910400;PREVENTIVA;Agendado
6318;1471996800;PREVENTIVA;Agendado
6359;1471996800;PREVENTIVA;Agendado
6291;1471996800;PREVENTIVA;Agendado
6466;1472169600;PREVENTIVA;Agendado
6213;1472601600;PREVENTIVA;Agendado
6320;1472601600;PREVENTIVA;Agendado
6296;1472601600;PREVENTIVA;Agendado
6604;1472774400;PREVENTIVA;Agendado
6539;1472860800;PREVENTIVA;Agendado
6473;1473033600;AÇÕES DE MELHORIAS;Agendado
6352;1473033600;AÇÕES DE MELHORIAS;Agendado
6025;1473033600;PREVENTIVA;Agendado
6546;1473033600;PREVENTIVA;Agendado
6318;1473120000;AÇÕES DE MELHORIAS;Agendado
6443;1473120000;AÇÕES DE MELHORIAS;Agendado
6487;1473120000;PREVENTIVA;Agendado
6470;1473379200;PREVENTIVA;Agendado
6578;1473379200;PREVENTIVA;Agendado
6571;1473465600;PREVENTIVA;Agendado
6598;1473465600;PREVENTIVA;Agendado
6184;1473638400;PREVENTIVA;Agendado
6471;1473638400;PREVENTIVA;Agendado
6533;1473638400;PREVENTIVA;Agendado
6048;1473724800;AÇÕES DE MELHORIAS;Agendado
6222;1473724800;AÇÕES DE MELHORIAS;Agendado
6048;1473724800;PREVENTIVA;Agendado
6361;1473724800;PREVENTIVA;Agendado
6450;1473724800;PREVENTIVA;Agendado
6327;1473811200;PREVENTIVA;Agendado
6396;1473897600;AÇÕES DE MELHORIAS;Agendado
6358;1473897600;AÇÕES DE MELHORIAS;Agendado
6142;1473984000;AÇÕES DE MELHORIAS;Agendado
6544;1473984000;AÇÕES DE MELHORIAS;Agendado
6142;1473984000;PREDITIVA;Agendado
6142;1473984000;PREVENTIVA;Agendado
6312;1473984000;PREVENTIVA;Agendado
6544;1473984000;PREVENTIVA;Agendado
6609;1473984000;PREVENTIVA;Agendado
6280;1474070400;PREVENTIVA;Agendado
6472;1474070400;PREVENTIVA;Agendado
6436;1474243200;PREVENTIVA;Agendado
6606;1474243200;PREVENTIVA;Agendado
6344;1474329600;PREVENTIVA;Agendado
6400;1474329600;PREVENTIVA;Agendado
6542;1474329600;PREVENTIVA;Agendado
6463;1474416000;AÇÕES DE MELHORIAS;Agendado
6511;1474416000;PREVENTIVA;Agendado
6512;1474502400;AÇÕES DE MELHORIAS;Agendado
6531;1474502400;AÇÕES DE MELHORIAS;Agendado
6324;1474502400;AÇÕES DE MELHORIAS;Agendado
6656;1474502400;AÇÕES DE MELHORIAS;Agendado
6531;1474502400;AÇÕES DE MELHORIAS;Agendado
6234;1474502400;AÇÕES DE MELHORIAS;Agendado
6266;1474502400;AÇÕES DE MELHORIAS;Agendado
6552;1474502400;AÇÕES DE MELHORIAS;Agendado
6552;1474502400;AÇÕES DE MELHORIAS;Agendado
6266;1474502400;PREVENTIVA;Agendado
6469;1474588800;AÇÕES DE MELHORIAS;Agendado
6469;1474588800;PREVENTIVA;Agendado
6123;1474848000;AÇÕES DE MELHORIAS;Agendado
6155;1474848000;AÇÕES DE MELHORIAS;Agendado
6080;1474848000;AÇÕES DE MELHORIAS;Agendado
6078;1474848000;AÇÕES DE MELHORIAS;Agendado
6595;1474848000;PREVENTIVA;Agendado
6511;1474934400;AÇÕES DE MELHORIAS;Agendado
6490;1474934400;AÇÕES DE MELHORIAS;Agendado
6510;1474934400;AÇÕES DE MELHORIAS;Agendado
6564;1474934400;AÇÕES DE MELHORIAS;Agendado
6564;1474934400;AÇÕES DE MELHORIAS;Agendado
6490;1474934400;PREVENTIVA;Agendado
6299;1475020800;AÇÕES DE MELHORIAS;Agendado
6546;1475020800;AÇÕES DE MELHORIAS;Agendado
6546;1475020800;AÇÕES DE MELHORIAS;Agendado
6009;1475020800;PREVENTIVA;Agendado
6314;1475020800;PREVENTIVA;Agendado
6438;1475020800;PREVENTIVA;Agendado
6446;1475020800;PREVENTIVA;Agendado
6536;1475193600;AÇÕES DE MELHORIAS;Agendado
6334;1475193600;PREVENTIVA;Agendado
6498;1475193600;PREVENTIVA;Agendado
6322;1475193600;PREVENTIVA;Agendado
6440;1475193600;PREVENTIVA;Agendado
6657;1475193600;PREVENTIVA;Agendado
6538;1475280000;AÇÕES DE MELHORIAS;Agendado
6036;1475280000;PREVENTIVA;Agendado
6538;1475280000;PREVENTIVA;Agendado
6653;1475280000;PREVENTIVA;Agendado
6195;1475452800;PREVENTIVA;Agendado
6389;1475452800;PREVENTIVA;Agendado
6477;1475452800;PREVENTIVA;Agendado
6288;1475452800;PREVENTIVA;Agendado
6591;1475452800;PREVENTIVA;Agendado
6533;1475539200;AÇÕES DE MELHORIAS;Agendado
6542;1475539200;AÇÕES DE MELHORIAS;Agendado
6523;1475539200;AÇÕES DE MELHORIAS;Agendado
6549;1475539200;AÇÕES DE MELHORIAS;Agendado
6541;1475539200;AÇÕES DE MELHORIAS;Agendado
6543;1475539200;AÇÕES DE MELHORIAS;Agendado
6316;1475539200;PREVENTIVA;Agendado
6338;1475539200;PREVENTIVA;Agendado
6391;1475625600;PREVENTIVA;Agendado
6532;1475712000;AÇÕES DE MELHORIAS;Agendado
6532;1475712000;AÇÕES DE MELHORIAS;Agendado
6209;1475712000;PREVENTIVA;Agendado
6532;1475712000;PREVENTIVA;Agendado
6594;1475712000;PREVENTIVA;Agendado
6550;1475798400;AÇÕES DE MELHORIAS;Agendado
6550;1475798400;AÇÕES DE MELHORIAS;Agendado
6550;1475798400;PREVENTIVA;Agendado
6567;1476057600;AÇÕES DE MELHORIAS;Agendado
6567;1476057600;AÇÕES DE MELHORIAS;Agendado
6356;1476057600;PREVENTIVA;Agendado
6072;1476057600;PREVENTIVA;Agendado
6310;1476057600;PREVENTIVA;Agendado
6404;1476057600;PREVENTIVA;Agendado
6406;1476057600;PREVENTIVA;Agendado
6567;1476057600;PREVENTIVA;Agendado
6622;1476057600;PREVENTIVA;Agendado
6507;1476144000;AÇÕES DE MELHORIAS;Agendado
6507;1476144000;AÇÕES DE MELHORIAS;Agendado
6307;1476144000;PREVENTIVA;Agendado
6480;1476144000;PREVENTIVA;Agendado
6010;1476230400;AÇÕES DE MELHORIAS;Agendado
6010;1476230400;ASBUILT;Agendado
6091;1476230400;ASBUILT;Agendado
6189;1476230400;ASBUILT;Agendado
6010;1476230400;PREVENTIVA;Agendado
6091;1476230400;PREVENTIVA;Agendado
6189;1476230400;PREVENTIVA;Agendado
6010;1476230400;SINALIZAÇÃO;Agendado
6091;1476230400;SINALIZAÇÃO;Agendado
6189;1476230400;SINALIZAÇÃO;Agendado
6079;1476316800;AÇÕES DE MELHORIAS;Agendado
6173;1476316800;AÇÕES DE MELHORIAS;Agendado
6539;1476316800;AÇÕES DE MELHORIAS;Agendado
6566;1476316800;AÇÕES DE MELHORIAS;Agendado
6566;1476316800;AÇÕES DE MELHORIAS;Agendado
6173;1476316800;PREDITIVA;Agendado
6079;1476316800;PREVENTIVA;Agendado
6173;1476316800;PREVENTIVA;Agendado
6566;1476316800;PREVENTIVA;Agendado
6393;1476662400;AÇÕES DE MELHORIAS;Agendado
6570;1476662400;AÇÕES DE MELHORIAS;Agendado
6570;1476662400;AÇÕES DE MELHORIAS;Agendado
6011;1476662400;PREVENTIVA;Agendado
6100;1476662400;PREVENTIVA;Agendado
6294;1476662400;PREVENTIVA;Agendado
6393;1476662400;PREVENTIVA;Agendado
6293;1476662400;PREVENTIVA;Agendado
6379;1476662400;PREVENTIVA;Agendado
6398;1476662400;PREVENTIVA;Agendado
6402;1476662400;PREVENTIVA;Agendado
6570;1476662400;PREVENTIVA;Agendado
6581;1476662400;PREVENTIVA;Agendado
6223;1476748800;AÇÕES DE MELHORIAS;Agendado
6562;1476748800;AÇÕES DE MELHORIAS;Agendado
6563;1476748800;AÇÕES DE MELHORIAS;Agendado
6562;1476748800;AÇÕES DE MELHORIAS;Agendado
6563;1476748800;AÇÕES DE MELHORIAS;Agendado
6268;1476748800;ASBUILT;Agendado
6223;1476748800;PREVENTIVA;Agendado
6512;1476748800;PREVENTIVA;Agendado
6268;1476748800;PREVENTIVA;Agendado
6407;1476748800;PREVENTIVA;Agendado
6562;1476748800;PREVENTIVA;Agendado
6563;1476748800;PREVENTIVA;Agendado
6024;1476835200;AÇÕES DE MELHORIAS;Agendado
6224;1476835200;PREDITIVA;Agendado
6024;1476835200;PREVENTIVA;Agendado
6220;1476835200;PREVENTIVA;Agendado
6224;1476835200;PREVENTIVA;Agendado
6330;1476835200;PREVENTIVA;Agendado
6575;1476835200;PREVENTIVA;Agendado
6040;1476921600;ASBUILT;Agendado
6040;1476921600;PREDITIVA;Agendado
6040;1476921600;PREVENTIVA;Agendado
6199;1476921600;PREVENTIVA;Agendado
6628;1476921600;PREVENTIVA;Agendado
6499;1476921600;PREVENTIVA;Agendado
6525;1476921600;PREVENTIVA;Agendado
6321;1476921600;PREVENTIVA;Agendado
6476;1477008000;PREVENTIVA;Agendado
6210;1477008000;PREVENTIVA;Agendado
6401;1477008000;PREVENTIVA;Agendado
6536;1477094400;AÇÕES DE MELHORIAS;Agendado
6553;1477094400;PREVENTIVA;Agendado
6536;1477094400;PREVENTIVA;Agendado
6038;1477267200;ASBUILT;Agendado
6056;1477267200;ASBUILT;Agendado
6436;1477267200;ASBUILT;Agendado
6356;1477267200;ASBUILT;Agendado
6238;1477267200;ASBUILT;Agendado
6246;1477267200;ASBUILT;Agendado
6473;1477267200;ASBUILT;Agendado
6355;1477267200;ASBUILT;Agendado
6038;1477267200;PREVENTIVA;Agendado
6056;1477267200;PREVENTIVA;Agendado
6238;1477267200;PREVENTIVA;Agendado
6246;1477267200;PREVENTIVA;Agendado
6473;1477267200;PREVENTIVA;Agendado
6510;1477267200;PREVENTIVA;Agendado
6308;1477267200;PREVENTIVA;Agendado
6355;1477267200;PREVENTIVA;Agendado
6437;1477267200;PREVENTIVA;Agendado
6564;1477267200;PREVENTIVA;Agendado
6437;1477267200;SINALIZAÇÃO;Agendado
6238;1477267200;RETIRADA ANTENA 5.8;Agendado
6117;1477353600;AÇÕES DE MELHORIAS;Agendado
6001;1477353600;ASBUILT;Agendado
6043;1477353600;ASBUILT;Agendado
6116;1477353600;ASBUILT;Agendado
6175;1477353600;ASBUILT;Agendado
6474;1477353600;ASBUILT;Agendado
6509;1477353600;ASBUILT;Agendado
6466;1477353600;ASBUILT;Agendado
6505;1477353600;ASBUILT;Agendado
6001;1477353600;PREVENTIVA;Agendado
6043;1477353600;PREVENTIVA;Agendado
6116;1477353600;PREVENTIVA;Agendado
6117;1477353600;PREVENTIVA;Agendado
6175;1477353600;PREVENTIVA;Agendado
6474;1477353600;PREVENTIVA;Agendado
6509;1477353600;PREVENTIVA;Agendado
6505;1477353600;PREVENTIVA;Agendado
6523;1477353600;PREVENTIVA;Agendado
6549;1477353600;PREVENTIVA;Agendado
6142;1477353600;RETIRADA ANTENA 5.8;Agendado
6501;1477353600;RETIRADA ANTENA 5.8;Agendado
6234;1477353600;RETIRADA ANTENA 5.8;Agendado
6006;1477440000;ASBUILT;Agendado
6286;1477440000;ASBUILT;Agendado
6654;1477440000;ASBUILT;Agendado
6450;1477440000;ASBUILT;Agendado
6211;1477440000;ASBUILT;Agendado
6453;1477440000;ASBUILT;Agendado
6006;1477440000;PREVENTIVA;Agendado
6286;1477440000;PREVENTIVA;Agendado
6654;1477440000;PREVENTIVA;Agendado
6211;1477440000;PREVENTIVA;Agendado
6366;1477440000;PREVENTIVA;Agendado
6531;1477440000;PREVENTIVA;Agendado
6453;1477440000;PREVENTIVA;Agendado
6411;1477440000;PREVENTIVA;Agendado
6458;1477440000;PREVENTIVA;Agendado
6541;1477440000;PREVENTIVA;Agendado
6543;1477440000;PREVENTIVA;Agendado
6453;1477440000;SINALIZAÇÃO;Agendado
6020;1477440000;RETIRADA ANTENA 5.8;Agendado
6011;1477440000;RETIRADA ANTENA 5.8;Agendado
6007;1477526400;ASBUILT;Agendado
6534;1477526400;ASBUILT;Agendado
6137;1477526400;ASBUILT;Agendado
6170;1477526400;ASBUILT;Agendado
6492;1477526400;ASBUILT;Agendado
6200;1477526400;ASBUILT;Agendado
6007;1477526400;PREVENTIVA;Agendado
6534;1477526400;PREVENTIVA;Agendado
6137;1477526400;PREVENTIVA;Agendado
6170;1477526400;PREVENTIVA;Agendado
6492;1477526400;PREVENTIVA;Agendado
6481;1477526400;PREVENTIVA;Agendado
6200;1477526400;PREVENTIVA;Agendado
6507;1477526400;PREVENTIVA;Agendado
6537;1477526400;PREVENTIVA;Agendado
6137;1477526400;RETIRADA ANTENA 5.8;Agendado
6029;1477526400;RETIRADA ANTENA 5.8;Agendado
6013;1477612800;ASBUILT;Agendado
6019;1477612800;ASBUILT;Agendado
6198;1477612800;ASBUILT;Agendado
6345;1477612800;ASBUILT;Agendado
6397;1477612800;ASBUILT;Agendado
6174;1477612800;ASBUILT;Agendado
6227;1477612800;ASBUILT;Agendado
6013;1477612800;PREVENTIVA;Agendado
6019;1477612800;PREVENTIVA;Agendado
6198;1477612800;PREVENTIVA;Agendado
6345;1477612800;PREVENTIVA;Agendado
6397;1477612800;PREVENTIVA;Agendado
6174;1477612800;PREVENTIVA;Agendado
6227;1477612800;PREVENTIVA;Agendado
6448;1477612800;PREVENTIVA;Agendado
6463;1477612800;PREVENTIVA;Agendado
6658;1477612800;RETIRADA ANTENA 5.8;Agendado
6612;1477699200;AÇÕES DE MELHORIAS;Agendado
6014;1477699200;ASBUILT;Agendado
6130;1477699200;ASBUILT;Agendado
6171;1477699200;ASBUILT;Agendado
6610;1477699200;ASBUILT;Agendado
6014;1477699200;PREVENTIVA;Agendado
6123;1477699200;PREVENTIVA;Agendado
6130;1477699200;PREVENTIVA;Agendado
6171;1477699200;PREVENTIVA;Agendado
6610;1477699200;PREVENTIVA;Agendado
6612;1477699200;PREVENTIVA;Agendado
6612;1477699200;SINALIZAÇÃO;Agendado
6025;1477872000;ASBUILT;Agendado
6041;1477872000;ASBUILT;Agendado
6167;1477872000;ASBUILT;Agendado
6203;1477872000;ASBUILT;Agendado
6299;1477872000;ASBUILT;Agendado
6600;1477872000;ASBUILT;Agendado
6602;1477872000;ASBUILT;Agendado
6203;1477872000;PREDITIVA;Agendado
6041;1477872000;PREVENTIVA;Agendado
6167;1477872000;PREVENTIVA;Agendado
6203;1477872000;PREVENTIVA;Agendado
6299;1477872000;PREVENTIVA;Agendado
6600;1477872000;PREVENTIVA;Agendado
6602;1477872000;PREVENTIVA;Agendado
6025;1477872000;SINALIZAÇÃO;Agendado
6209;1477872000;SINALIZAÇÃO;Agendado
6041;1477872000;SINALIZAÇÃO;Agendado
6167;1477872000;SINALIZAÇÃO;Agendado
6203;1477872000;SINALIZAÇÃO;Agendado
6299;1477872000;SINALIZAÇÃO;Agendado
6173;1477872000;SINALIZAÇÃO;Agendado
6492;1477872000;SINALIZAÇÃO;Agendado
6471;1477872000;SINALIZAÇÃO;Agendado
6030;1477872000;RETIRADA ANTENA 5.8;Agendado
6002;1477958400;ASBUILT;Agendado
6044;1477958400;ASBUILT;Agendado
6053;1477958400;ASBUILT;Agendado
6085;1477958400;ASBUILT;Agendado
6150;1477958400;ASBUILT;Agendado
6342;1477958400;ASBUILT;Agendado
6627;1477958400;ASBUILT;Agendado
6461;1477958400;ASBUILT;Agendado
6044;1477958400;PREDITIVA;Agendado
6002;1477958400;PREVENTIVA;Agendado
6044;1477958400;PREVENTIVA;Agendado
6053;1477958400;PREVENTIVA;Agendado
6085;1477958400;PREVENTIVA;Agendado
6150;1477958400;PREVENTIVA;Agendado
6155;1477958400;PREVENTIVA;Agendado
6342;1477958400;PREVENTIVA;Agendado
6396;1477958400;PREVENTIVA;Agendado
6627;1477958400;PREVENTIVA;Agendado
6461;1477958400;PREVENTIVA;Agendado
6002;1477958400;SINALIZAÇÃO;Agendado
6044;1477958400;SINALIZAÇÃO;Agendado
6053;1477958400;SINALIZAÇÃO;Agendado
6085;1477958400;SINALIZAÇÃO;Agendado
6150;1477958400;SINALIZAÇÃO;Agendado
6155;1477958400;SINALIZAÇÃO;Agendado
6342;1477958400;SINALIZAÇÃO;Agendado
6627;1477958400;SINALIZAÇÃO;Agendado
6622;1477958400;SINALIZAÇÃO;Agendado
6289;1478131200;AÇÕES DE MELHORIAS;Agendado
6551;1478131200;AÇÕES DE MELHORIAS;Agendado
6015;1478131200;ASBUILT;Agendado
6017;1478131200;ASBUILT;Agendado
6030;1478131200;ASBUILT;Agendado
6018;1478131200;ASBUILT;Agendado
6058;1478131200;ASBUILT;Agendado
6289;1478131200;ASBUILT;Agendado
6362;1478131200;ASBUILT;Agendado
6216;1478131200;ASBUILT;Agendado
6291;1478131200;ASBUILT;Agendado
6568;1478131200;ASBUILT;Agendado
6577;1478131200;ASBUILT;Agendado
6030;1478131200;PREDITIVA;Agendado
6015;1478131200;PREVENTIVA;Agendado
6017;1478131200;PREVENTIVA;Agendado
6030;1478131200;PREVENTIVA;Agendado
6018;1478131200;PREVENTIVA;Agendado
6058;1478131200;PREVENTIVA;Agendado
6289;1478131200;PREVENTIVA;Agendado
6362;1478131200;PREVENTIVA;Agendado
6551;1478131200;PREVENTIVA;Agendado
6552;1478131200;PREVENTIVA;Agendado
6568;1478131200;PREVENTIVA;Agendado
6577;1478131200;PREVENTIVA;Agendado
6015;1478131200;SINALIZAÇÃO;Agendado
6017;1478131200;SINALIZAÇÃO;Agendado
6030;1478131200;SINALIZAÇÃO;Agendado
6018;1478131200;SINALIZAÇÃO;Agendado
6058;1478131200;SINALIZAÇÃO;Agendado
6289;1478131200;SINALIZAÇÃO;Agendado
6362;1478131200;SINALIZAÇÃO;Agendado
6138;1478131200;RETIRADA ANTENA 5.8;Agendado
6113;1478217600;AÇÕES DE MELHORIAS;Agendado
6235;1478217600;AÇÕES DE MELHORIAS;Agendado
6138;1478217600;ASBUILT;Agendado
6113;1478217600;ASBUILT;Agendado
6140;1478217600;ASBUILT;Agendado
6161;1478217600;ASBUILT;Agendado
6196;1478217600;ASBUILT;Agendado
6235;1478217600;ASBUILT;Agendado
6486;1478217600;ASBUILT;Agendado
6252;1478217600;ASBUILT;Agendado
6273;1478217600;ASBUILT;Agendado
6623;1478217600;ASBUILT;Agendado
6138;1478217600;PREDITIVA;Agendado
6138;1478217600;PREVENTIVA;Agendado
6113;1478217600;PREVENTIVA;Agendado
6140;1478217600;PREVENTIVA;Agendado
6161;1478217600;PREVENTIVA;Agendado
6196;1478217600;PREVENTIVA;Agendado
6235;1478217600;PREVENTIVA;Agendado
6486;1478217600;PREVENTIVA;Agendado
6252;1478217600;PREVENTIVA;Agendado
6273;1478217600;PREVENTIVA;Agendado
6576;1478217600;PREVENTIVA;Agendado
6623;1478217600;PREVENTIVA;Agendado
6113;1478217600;SINALIZAÇÃO;Agendado
6140;1478217600;SINALIZAÇÃO;Agendado
6161;1478217600;SINALIZAÇÃO;Agendado
6196;1478217600;SINALIZAÇÃO;Agendado
6235;1478217600;SINALIZAÇÃO;Agendado
6486;1478217600;SINALIZAÇÃO;Agendado
6282;1478304000;ASBUILT;Agendado
6049;1478304000;ASBUILT;Agendado
6106;1478304000;ASBUILT;Agendado
6295;1478304000;ASBUILT;Agendado
6442;1478304000;ASBUILT;Agendado
6282;1478304000;PREVENTIVA;Agendado
6049;1478304000;PREVENTIVA;Agendado
6106;1478304000;PREVENTIVA;Agendado
6295;1478304000;PREVENTIVA;Agendado
6442;1478304000;PREVENTIVA;Agendado
6596;1478304000;PREVENTIVA;Agendado
6048;1478304000;SINALIZAÇÃO;Agendado
6282;1478304000;SINALIZAÇÃO;Agendado
6470;1478304000;SINALIZAÇÃO;Agendado
6049;1478304000;SINALIZAÇÃO;Agendado
6106;1478304000;SINALIZAÇÃO;Agendado
6578;1478304000;SINALIZAÇÃO;Agendado
6417;1478476800;ASBUILT;Agendado
6037;1478476800;ASBUILT;Agendado
6359;1478476800;ASBUILT;Agendado
6320;1478476800;ASBUILT;Agendado
6005;1478476800;ASBUILT;Agendado
6016;1478476800;ASBUILT;Agendado
6099;1478476800;ASBUILT;Agendado
6134;1478476800;ASBUILT;Agendado
6346;1478476800;ASBUILT;Agendado
6521;1478476800;ASBUILT;Agendado
6305;1478476800;ASBUILT;Agendado
6269;1478476800;ASBUILT;Agendado
6432;1478476800;ASBUILT;Agendado
6603;1478476800;ASBUILT;Agendado
6417;1478476800;PREDITIVA;Agendado
6417;1478476800;PREVENTIVA;Agendado
6005;1478476800;PREVENTIVA;Agendado
6016;1478476800;PREVENTIVA;Agendado
6099;1478476800;PREVENTIVA;Agendado
6134;1478476800;PREVENTIVA;Agendado
6292;1478476800;PREVENTIVA;Agendado
6346;1478476800;PREVENTIVA;Agendado
6521;1478476800;PREVENTIVA;Agendado
6305;1478476800;PREVENTIVA;Agendado
6269;1478476800;PREVENTIVA;Agendado
6432;1478476800;PREVENTIVA;Agendado
6603;1478476800;PREVENTIVA;Agendado
6037;1478476800;SINALIZAÇÃO;Agendado
6314;1478476800;SINALIZAÇÃO;Agendado
6005;1478476800;SINALIZAÇÃO;Agendado
6016;1478476800;SINALIZAÇÃO;Agendado
6099;1478476800;SINALIZAÇÃO;Agendado
6134;1478476800;SINALIZAÇÃO;Agendado
6292;1478476800;SINALIZAÇÃO;Agendado
6346;1478476800;SINALIZAÇÃO;Agendado
6521;1478476800;SINALIZAÇÃO;Agendado
6305;1478476800;SINALIZAÇÃO;Agendado
6269;1478476800;SINALIZAÇÃO;Agendado
6567;1478476800;RETIRADA ANTENA 5.8;Agendado
6041;1478476800;RETIRADA ANTENA 5.8;Agendado
6461;1478476800;RETIRADA ANTENA 5.8;Agendado
6130;1478476800;RETIRADA ANTENA 5.8;Agendado
6352;1478476800;RETIRADA ANTENA 5.8;Agendado
6171;1478476800;RETIRADA ANTENA 5.8;Agendado
6323;1478563200;ASBUILT;Agendado
6033;1478563200;ASBUILT;Agendado
6050;1478563200;ASBUILT;Agendado
6168;1478563200;ASBUILT;Agendado
6169;1478563200;ASBUILT;Agendado
6180;1478563200;ASBUILT;Agendado
6315;1478563200;ASBUILT;Agendado
6272;1478563200;ASBUILT;Agendado
6367;1478563200;ASBUILT;Agendado
6250;1478563200;ASBUILT;Agendado
6418;1478563200;ASBUILT;Agendado
6449;1478563200;ASBUILT;Agendado
6478;1478563200;ASBUILT;Agendado
6323;1478563200;PREDITIVA;Agendado
6323;1478563200;PREVENTIVA;Agendado
6033;1478563200;PREVENTIVA;Agendado
6050;1478563200;PREVENTIVA;Agendado
6168;1478563200;PREVENTIVA;Agendado
6169;1478563200;PREVENTIVA;Agendado
6180;1478563200;PREVENTIVA;Agendado
6315;1478563200;PREVENTIVA;Agendado
6272;1478563200;PREVENTIVA;Agendado
6367;1478563200;PREVENTIVA;Agendado
6250;1478563200;PREVENTIVA;Agendado
6418;1478563200;PREVENTIVA;Agendado
6449;1478563200;PREVENTIVA;Agendado
6478;1478563200;PREVENTIVA;Agendado
6323;1478563200;SINALIZAÇÃO;Agendado
6033;1478563200;SINALIZAÇÃO;Agendado
6050;1478563200;SINALIZAÇÃO;Agendado
6168;1478563200;SINALIZAÇÃO;Agendado
6169;1478563200;SINALIZAÇÃO;Agendado
6315;1478563200;SINALIZAÇÃO;Agendado
6272;1478563200;SINALIZAÇÃO;Agendado
6367;1478563200;SINALIZAÇÃO;Agendado
6250;1478563200;SINALIZAÇÃO;Agendado
6319;1478563200;RETIRADA ANTENA 5.8;Agendado
6652;1478649600;AÇÕES DE MELHORIAS;Agendado
6076;1478649600;ASBUILT;Agendado
6073;1478649600;ASBUILT;Agendado
6217;1478649600;ASBUILT;Agendado
6264;1478649600;ASBUILT;Agendado
6270;1478649600;ASBUILT;Agendado
6297;1478649600;ASBUILT;Agendado
6300;1478649600;ASBUILT;Agendado
6444;1478649600;ASBUILT;Agendado
6479;1478649600;ASBUILT;Agendado
6593;1478649600;ASBUILT;Agendado
6652;1478649600;ASBUILT;Agendado
6076;1478649600;PREDITIVA;Agendado
6076;1478649600;PREVENTIVA;Agendado
6073;1478649600;PREVENTIVA;Agendado
6193;1478649600;PREVENTIVA;Agendado
6217;1478649600;PREVENTIVA;Agendado
6264;1478649600;PREVENTIVA;Agendado
6270;1478649600;PREVENTIVA;Agendado
6297;1478649600;PREVENTIVA;Agendado
6319;1478649600;PREVENTIVA;Agendado
6352;1478649600;PREVENTIVA;Agendado
6300;1478649600;PREVENTIVA;Agendado
6444;1478649600;PREVENTIVA;Agendado
6479;1478649600;PREVENTIVA;Agendado
6593;1478649600;PREVENTIVA;Agendado
6652;1478649600;PREVENTIVA;Agendado
6073;1478649600;SINALIZAÇÃO;Agendado
6217;1478649600;SINALIZAÇÃO;Agendado
6264;1478649600;SINALIZAÇÃO;Agendado
6270;1478649600;SINALIZAÇÃO;Agendado
6297;1478649600;SINALIZAÇÃO;Agendado
6652;1478649600;SINALIZAÇÃO;Agendado
6593;1478649600;RETIRADA ANTENA 5.8;Agendado
6335;1478649600;RETIRADA ANTENA 5.8;Agendado
6073;1478649600;RETIRADA ANTENA 5.8;Agendado
6268;1478736000;AÇÕES DE MELHORIAS;Agendado
6042;1478736000;ASBUILT;Agendado
6095;1478736000;ASBUILT;Agendado
6120;1478736000;ASBUILT;Agendado
6354;1478736000;ASBUILT;Agendado
6455;1478736000;ASBUILT;Agendado
6456;1478736000;ASBUILT;Agendado
6506;1478736000;ASBUILT;Agendado
6435;1478736000;ASBUILT;Agendado
6354;1478736000;PREDITIVA;Agendado
6042;1478736000;PREVENTIVA;Agendado
6095;1478736000;PREVENTIVA;Agendado
6120;1478736000;PREVENTIVA;Agendado
6354;1478736000;PREVENTIVA;Agendado
6455;1478736000;PREVENTIVA;Agendado
6456;1478736000;PREVENTIVA;Agendado
6506;1478736000;PREVENTIVA;Agendado
6435;1478736000;PREVENTIVA;Agendado
6445;1478736000;PREVENTIVA;Agendado
6512;1478736000;SINALIZAÇÃO;Agendado
6042;1478736000;SINALIZAÇÃO;Agendado
6095;1478736000;SINALIZAÇÃO;Agendado
6120;1478736000;SINALIZAÇÃO;Agendado
6354;1478736000;SINALIZAÇÃO;Agendado
6506;1478736000;SINALIZAÇÃO;Agendado
6268;1478736000;SINALIZAÇÃO;Agendado
6355;1478736000;SINALIZAÇÃO;Agendado
6399;1478736000;RETIRADA ANTENA 5.8;Agendado
6496;1478822400;AÇÕES DE MELHORIAS;Agendado
6210;1478822400;AÇÕES DE MELHORIAS;Agendado
6104;1478822400;ASBUILT;Agendado
6109;1478822400;ASBUILT;Agendado
6351;1478822400;ASBUILT;Agendado
6399;1478822400;ASBUILT;Agendado
6420;1478822400;ASBUILT;Agendado
6496;1478822400;ASBUILT;Agendado
6303;1478822400;ASBUILT;Agendado
6653;1478822400;ASBUILT;Agendado
6210;1478822400;ASBUILT;Agendado
6447;1478822400;ASBUILT;Agendado
6535;1478822400;ASBUILT;Agendado
6399;1478822400;PREDITIVA;Agendado
6104;1478822400;PREVENTIVA;Agendado
6109;1478822400;PREVENTIVA;Agendado
6351;1478822400;PREVENTIVA;Agendado
6399;1478822400;PREVENTIVA;Agendado
6420;1478822400;PREVENTIVA;Agendado
6496;1478822400;PREVENTIVA;Agendado
6303;1478822400;PREVENTIVA;Agendado
6347;1478822400;PREVENTIVA;Agendado
6447;1478822400;PREVENTIVA;Agendado
6535;1478822400;PREVENTIVA;Agendado
6104;1478822400;SINALIZAÇÃO;Agendado
6109;1478822400;SINALIZAÇÃO;Agendado
6351;1478822400;SINALIZAÇÃO;Agendado
6420;1478822400;SINALIZAÇÃO;Agendado
6496;1478822400;SINALIZAÇÃO;Agendado
6347;1478822400;SINALIZAÇÃO;Agendado
6653;1478822400;SINALIZAÇÃO;Agendado
6249;1478908800;AÇÕES DE MELHORIAS;Agendado
6336;1478908800;ASBUILT;Agendado
6249;1478908800;ASBUILT;Agendado
6434;1478908800;ASBUILT;Agendado
6443;1478908800;ASBUILT;Agendado
6336;1478908800;PREVENTIVA;Agendado
6491;1478908800;PREVENTIVA;Agendado
6249;1478908800;PREVENTIVA;Agendado
6434;1478908800;PREVENTIVA;Agendado
6443;1478908800;PREVENTIVA;Agendado
6336;1478908800;SINALIZAÇÃO;Agendado
6249;1478908800;SINALIZAÇÃO;Agendado
6459;1479081600;AÇÕES DE MELHORIAS;Agendado
6403;1479081600;AÇÕES DE MELHORIAS;Agendado
6020;1479081600;ASBUILT;Agendado
6127;1479081600;ASBUILT;Agendado
6163;1479081600;ASBUILT;Agendado
6218;1479081600;ASBUILT;Agendado
6459;1479081600;ASBUILT;Agendado
6503;1479081600;ASBUILT;Agendado
6522;1479081600;ASBUILT;Agendado
6172;1479081600;ASBUILT;Agendado
6226;1479081600;ASBUILT;Agendado
6424;1479081600;ASBUILT;Agendado
6475;1479081600;ASBUILT;Agendado
6218;1479081600;PREDITIVA;Agendado
6020;1479081600;PREVENTIVA;Agendado
6127;1479081600;PREVENTIVA;Agendado
6163;1479081600;PREVENTIVA;Agendado
6218;1479081600;PREVENTIVA;Agendado
6459;1479081600;PREVENTIVA;Agendado
6503;1479081600;PREVENTIVA;Agendado
6522;1479081600;PREVENTIVA;Agendado
6172;1479081600;PREVENTIVA;Agendado
6403;1479081600;PREVENTIVA;Agendado
6226;1479081600;PREVENTIVA;Agendado
6424;1479081600;PREVENTIVA;Agendado
6475;1479081600;PREVENTIVA;Agendado
6503;1479081600;SINALIZAÇÃO;Agendado
6172;1479081600;SINALIZAÇÃO;Agendado
6404;1479081600;SINALIZAÇÃO;Agendado
6226;1479081600;SINALIZAÇÃO;Agendado
6475;1479081600;SINALIZAÇÃO;Agendado
6405;1479168000;ASBUILT;Agendado
6405;1479168000;PREVENTIVA;Agendado
6008;1479254400;ASBUILT;Agendado
6021;1479254400;ASBUILT;Agendado
6074;1479254400;ASBUILT;Agendado
6075;1479254400;ASBUILT;Agendado
6290;1479254400;ASBUILT;Agendado
6348;1479254400;ASBUILT;Agendado
6364;1479254400;ASBUILT;Agendado
6410;1479254400;ASBUILT;Agendado
6277;1479254400;ASBUILT;Agendado
6360;1479254400;ASBUILT;Agendado
6021;1479254400;PREDITIVA;Agendado
6008;1479254400;PREVENTIVA;Agendado
6021;1479254400;PREVENTIVA;Agendado
6074;1479254400;PREVENTIVA;Agendado
6075;1479254400;PREVENTIVA;Agendado
6290;1479254400;PREVENTIVA;Agendado
6348;1479254400;PREVENTIVA;Agendado
6364;1479254400;PREVENTIVA;Agendado
6410;1479254400;PREVENTIVA;Agendado
6215;1479254400;PREVENTIVA;Agendado
6277;1479254400;PREVENTIVA;Agendado
6360;1479254400;PREVENTIVA;Agendado
6580;1479254400;PREVENTIVA;Agendado
6021;1479254400;SINALIZAÇÃO;Agendado
6348;1479254400;SINALIZAÇÃO;Agendado
6364;1479254400;SINALIZAÇÃO;Agendado
6360;1479254400;SINALIZAÇÃO;Agendado
6029;1479340800;ASBUILT;Agendado
6063;1479340800;ASBUILT;Agendado
6082;1479340800;ASBUILT;Agendado
6108;1479340800;ASBUILT;Agendado
6139;1479340800;ASBUILT;Agendado
6222;1479340800;ASBUILT;Agendado
6408;1479340800;ASBUILT;Agendado
6349;1479340800;ASBUILT;Agendado
6029;1479340800;PREDITIVA;Agendado
6029;1479340800;PREVENTIVA;Agendado
6063;1479340800;PREVENTIVA;Agendado
6082;1479340800;PREVENTIVA;Agendado
6108;1479340800;PREVENTIVA;Agendado
6139;1479340800;PREVENTIVA;Agendado
6222;1479340800;PREVENTIVA;Agendado
6408;1479340800;PREVENTIVA;Agendado
6349;1479340800;PREVENTIVA;Agendado
6108;1479340800;SINALIZAÇÃO;Agendado
6349;1479340800;SINALIZAÇÃO;Agendado
6009;1479427200;ASBUILT;Agendado
6036;1479427200;ASBUILT;Agendado
6054;1479427200;ASBUILT;Agendado
6611;1479427200;ASBUILT;Agendado
6087;1479427200;ASBUILT;Agendado
6143;1479427200;ASBUILT;Agendado
6285;1479427200;ASBUILT;Agendado
6392;1479427200;ASBUILT;Agendado
6419;1479427200;ASBUILT;Agendado
6143;1479427200;PREDITIVA;Agendado
6054;1479427200;PREVENTIVA;Agendado
6611;1479427200;PREVENTIVA;Agendado
6087;1479427200;PREVENTIVA;Agendado
6143;1479427200;PREVENTIVA;Agendado
6285;1479427200;PREVENTIVA;Agendado
6392;1479427200;PREVENTIVA;Agendado
6419;1479427200;PREVENTIVA;Agendado
6143;1479427200;SINALIZAÇÃO;Agendado
6392;1479427200;SINALIZAÇÃO;Agendado
6045;1479513600;ASBUILT;Agendado
6093;1479513600;ASBUILT;Agendado
6121;1479513600;ASBUILT;Agendado
6097;1479513600;ASBUILT;Agendado
6284;1479513600;ASBUILT;Agendado
6045;1479513600;PREVENTIVA;Agendado
6093;1479513600;PREVENTIVA;Agendado
6121;1479513600;PREVENTIVA;Agendado
6097;1479513600;PREVENTIVA;Agendado
6284;1479513600;PREVENTIVA;Agendado
6195;1479513600;SINALIZAÇÃO;Agendado
6088;1479686400;ASBUILT;Agendado
6101;1479686400;ASBUILT;Agendado
6111;1479686400;ASBUILT;Agendado
6119;1479686400;ASBUILT;Agendado
6124;1479686400;ASBUILT;Agendado
6358;1479686400;ASBUILT;Agendado
6365;1479686400;ASBUILT;Agendado
6504;1479686400;ASBUILT;Agendado
6088;1479686400;PREDITIVA;Agendado
6088;1479686400;PREVENTIVA;Agendado
6101;1479686400;PREVENTIVA;Agendado
6111;1479686400;PREVENTIVA;Agendado
6119;1479686400;PREVENTIVA;Agendado
6124;1479686400;PREVENTIVA;Agendado
6358;1479686400;PREVENTIVA;Agendado
6365;1479686400;PREVENTIVA;Agendado
6504;1479686400;PREVENTIVA;Agendado
6313;1479686400;PREVENTIVA;Agendado
6353;1479686400;PREVENTIVA;Agendado
6356;1479686400;SINALIZAÇÃO;Agendado
6326;1479772800;AÇÕES DE MELHORIAS;Agendado
6027;1479772800;ASBUILT;Agendado
6103;1479772800;ASBUILT;Agendado
6240;1479772800;ASBUILT;Agendado
6244;1479772800;ASBUILT;Agendado
6311;1479772800;ASBUILT;Agendado
6326;1479772800;ASBUILT;Agendado
6326;1479772800;PREDITIVA;Agendado
6027;1479772800;PREVENTIVA;Agendado
6080;1479772800;PREVENTIVA;Agendado
6103;1479772800;PREVENTIVA;Agendado
6107;1479772800;PREVENTIVA;Agendado
6110;1479772800;PREVENTIVA;Agendado
6240;1479772800;PREVENTIVA;Agendado
6244;1479772800;PREVENTIVA;Agendado
6311;1479772800;PREVENTIVA;Agendado
6326;1479772800;PREVENTIVA;Agendado
6343;1479772800;PREVENTIVA;Agendado
6326;1479772800;SINALIZAÇÃO;Agendado
6159;1479859200;AÇÕES DE MELHORIAS;Agendado
6159;1479859200;ASBUILT;Agendado
6160;1479859200;ASBUILT;Agendado
6383;1479859200;ASBUILT;Agendado
6514;1479859200;ASBUILT;Agendado
6620;1479859200;ASBUILT;Agendado
6307;1479859200;ASBUILT;Agendado
6062;1479859200;ASBUILT;Agendado
6331;1479859200;ASBUILT;Agendado
6062;1479859200;PREDITIVA;Agendado
6078;1479859200;PREVENTIVA;Agendado
6154;1479859200;PREVENTIVA;Agendado
6159;1479859200;PREVENTIVA;Agendado
6160;1479859200;PREVENTIVA;Agendado
6383;1479859200;PREVENTIVA;Agendado
6514;1479859200;PREVENTIVA;Agendado
6620;1479859200;PREVENTIVA;Agendado
6062;1479859200;PREVENTIVA;Agendado
6331;1479859200;PREVENTIVA;Agendado
6204;1479945600;AÇÕES DE MELHORIAS;Agendado
6071;1479945600;ASBUILT;Agendado
6086;1479945600;ASBUILT;Agendado
6135;1479945600;ASBUILT;Agendado
6204;1479945600;ASBUILT;Agendado
6261;1479945600;ASBUILT;Agendado
6302;1479945600;ASBUILT;Agendado
6324;1479945600;ASBUILT;Agendado
6363;1479945600;ASBUILT;Agendado
6625;1479945600;ASBUILT;Agendado
6625;1479945600;PREDITIVA;Agendado
6071;1479945600;PREVENTIVA;Agendado
6086;1479945600;PREVENTIVA;Agendado
6135;1479945600;PREVENTIVA;Agendado
6204;1479945600;PREVENTIVA;Agendado
6261;1479945600;PREVENTIVA;Agendado
6302;1479945600;PREVENTIVA;Agendado
6324;1479945600;PREVENTIVA;Agendado
6363;1479945600;PREVENTIVA;Agendado
6625;1479945600;PREVENTIVA;Agendado
6057;1480032000;ASBUILT;Agendado
6115;1480032000;ASBUILT;Agendado
6230;1480032000;ASBUILT;Agendado
6384;1480032000;ASBUILT;Agendado
6387;1480032000;ASBUILT;Agendado
6426;1480032000;ASBUILT;Agendado
6630;1480032000;ASBUILT;Agendado
6274;1480032000;ASBUILT;Agendado
6274;1480032000;PREDITIVA;Agendado
6057;1480032000;PREVENTIVA;Agendado
6115;1480032000;PREVENTIVA;Agendado
6230;1480032000;PREVENTIVA;Agendado
6332;1480032000;PREVENTIVA;Agendado
6384;1480032000;PREVENTIVA;Agendado
6387;1480032000;PREVENTIVA;Agendado
6426;1480032000;PREVENTIVA;Agendado
6630;1480032000;PREVENTIVA;Agendado
6274;1480032000;PREVENTIVA;Agendado
6274;1480032000;SINALIZAÇÃO;Agendado
6046;1480118400;ASBUILT;Agendado
6181;1480118400;ASBUILT;Agendado
6214;1480118400;ASBUILT;Agendado
6357;1480118400;ASBUILT;Agendado
6502;1480118400;ASBUILT;Agendado
6046;1480118400;PREVENTIVA;Agendado
6181;1480118400;PREVENTIVA;Agendado
6186;1480118400;PREVENTIVA;Agendado
6214;1480118400;PREVENTIVA;Agendado
6357;1480118400;PREVENTIVA;Agendado
6502;1480118400;PREVENTIVA;Agendado
6508;1480204800;ASBUILT;Agendado
6508;1480204800;PREVENTIVA;Agendado
6253;1480291200;AÇÕES DE MELHORIAS;Agendado
6051;1480291200;ASBUILT;Agendado
6112;1480291200;ASBUILT;Agendado
6129;1480291200;ASBUILT;Agendado
6133;1480291200;ASBUILT;Agendado
6187;1480291200;ASBUILT;Agendado
6253;1480291200;ASBUILT;Agendado
6413;1480291200;ASBUILT;Agendado
6501;1480291200;ASBUILT;Agendado
6656;1480291200;ASBUILT;Agendado
6329;1480291200;ASBUILT;Agendado
6051;1480291200;PREVENTIVA;Agendado
6112;1480291200;PREVENTIVA;Agendado
6129;1480291200;PREVENTIVA;Agendado
6133;1480291200;PREVENTIVA;Agendado
6187;1480291200;PREVENTIVA;Agendado
6253;1480291200;PREVENTIVA;Agendado
6413;1480291200;PREVENTIVA;Agendado
6501;1480291200;PREVENTIVA;Agendado
6656;1480291200;PREVENTIVA;Agendado
6329;1480291200;PREVENTIVA;Agendado
6330;1480291200;SINALIZAÇÃO;Agendado
6334;1480377600;ASBUILT;Agendado
6026;1480377600;ASBUILT;Agendado
6032;1480377600;ASBUILT;Agendado
6047;1480377600;ASBUILT;Agendado
6094;1480377600;ASBUILT;Agendado
6201;1480377600;ASBUILT;Agendado
6219;1480377600;ASBUILT;Agendado
6415;1480377600;ASBUILT;Agendado
6484;1480377600;ASBUILT;Agendado
6494;1480377600;ASBUILT;Agendado
6026;1480377600;PREVENTIVA;Agendado
6032;1480377600;PREVENTIVA;Agendado
6047;1480377600;PREVENTIVA;Agendado
6094;1480377600;PREVENTIVA;Agendado
6201;1480377600;PREVENTIVA;Agendado
6219;1480377600;PREVENTIVA;Agendado
6415;1480377600;PREVENTIVA;Agendado
6484;1480377600;PREVENTIVA;Agendado
6494;1480377600;PREVENTIVA;Agendado
6245;1480464000;AÇÕES DE MELHORIAS;Agendado
6220;1480464000;ASBUILT;Agendado
6034;1480464000;ASBUILT;Agendado
6281;1480464000;ASBUILT;Agendado
6242;1480464000;ASBUILT;Agendado
6245;1480464000;ASBUILT;Agendado
6428;1480464000;ASBUILT;Agendado
6629;1480464000;ASBUILT;Agendado
6634;1480464000;ASBUILT;Agendado
6034;1480464000;PREVENTIVA;Agendado
6281;1480464000;PREVENTIVA;Agendado
6242;1480464000;PREVENTIVA;Agendado
6245;1480464000;PREVENTIVA;Agendado
6428;1480464000;PREVENTIVA;Agendado
6629;1480464000;PREVENTIVA;Agendado
6634;1480464000;PREVENTIVA;Agendado
6490;1480464000;SINALIZAÇÃO;Agendado
6281;1480464000;SINALIZAÇÃO;Agendado
6028;1480550400;ASBUILT;Agendado
6156;1480550400;ASBUILT;Agendado
6255;1480550400;ASBUILT;Agendado
6256;1480550400;ASBUILT;Agendado
6304;1480550400;ASBUILT;Agendado
6395;1480550400;ASBUILT;Agendado
6412;1480550400;ASBUILT;Agendado
6516;1480550400;ASBUILT;Agendado
6028;1480550400;PREVENTIVA;Agendado
6156;1480550400;PREVENTIVA;Agendado
6256;1480550400;PREVENTIVA;Agendado
6304;1480550400;PREVENTIVA;Agendado
6395;1480550400;PREVENTIVA;Agendado
6412;1480550400;PREVENTIVA;Agendado
6516;1480550400;PREVENTIVA;Agendado
6655;1480550400;PREVENTIVA;Agendado
6659;1480636800;AÇÕES DE MELHORIAS;Agendado
6325;1480636800;ASBUILT;Agendado
6052;1480636800;ASBUILT;Agendado
6145;1480636800;ASBUILT;Agendado
6146;1480636800;ASBUILT;Agendado
6023;1480636800;ASBUILT;Agendado
6035;1480636800;ASBUILT;Agendado
6151;1480636800;ASBUILT;Agendado
6489;1480636800;ASBUILT;Agendado
6659;1480636800;ASBUILT;Agendado
6325;1480636800;PREVENTIVA;Agendado
6052;1480636800;PREVENTIVA;Agendado
6145;1480636800;PREVENTIVA;Agendado
6146;1480636800;PREVENTIVA;Agendado
6023;1480636800;PREVENTIVA;Agendado
6035;1480636800;PREVENTIVA;Agendado
6151;1480636800;PREVENTIVA;Agendado
6489;1480636800;PREVENTIVA;Agendado
6659;1480636800;PREVENTIVA;Agendado
6185;1480723200;AÇÕES DE MELHORIAS;Agendado
6083;1480723200;ASBUILT;Agendado
6185;1480723200;ASBUILT;Agendado
6191;1480723200;ASBUILT;Agendado
6208;1480723200;ASBUILT;Agendado
6257;1480723200;ASBUILT;Agendado
6083;1480723200;PREVENTIVA;Agendado
6185;1480723200;PREVENTIVA;Agendado
6191;1480723200;PREVENTIVA;Agendado
6208;1480723200;PREVENTIVA;Agendado
6257;1480723200;PREVENTIVA;Agendado
6070;1480896000;ASBUILT;Agendado
6262;1480896000;ASBUILT;Agendado
6283;1480896000;ASBUILT;Agendado
6084;1480896000;ASBUILT;Agendado
6298;1480896000;ASBUILT;Agendado
6385;1480896000;ASBUILT;Agendado
6462;1480896000;ASBUILT;Agendado
6527;1480896000;ASBUILT;Agendado
6070;1480896000;PREVENTIVA;Agendado
6262;1480896000;PREVENTIVA;Agendado
6283;1480896000;PREVENTIVA;Agendado
6084;1480896000;PREVENTIVA;Agendado
6136;1480896000;PREVENTIVA;Agendado
6298;1480896000;PREVENTIVA;Agendado
6385;1480896000;PREVENTIVA;Agendado
6462;1480896000;PREVENTIVA;Agendado
6527;1480896000;PREVENTIVA;Agendado
6077;1480982400;AÇÕES DE MELHORIAS;Agendado
6077;1480982400;ASBUILT;Agendado
6102;1480982400;ASBUILT;Agendado
6132;1480982400;ASBUILT;Agendado
6234;1480982400;ASBUILT;Agendado
6254;1480982400;ASBUILT;Agendado
6068;1480982400;ASBUILT;Agendado
6241;1480982400;ASBUILT;Agendado
6377;1480982400;ASBUILT;Agendado
6077;1480982400;PREVENTIVA;Agendado
6102;1480982400;PREVENTIVA;Agendado
6132;1480982400;PREVENTIVA;Agendado
6234;1480982400;PREVENTIVA;Agendado
6254;1480982400;PREVENTIVA;Agendado
6068;1480982400;PREVENTIVA;Agendado
6241;1480982400;PREVENTIVA;Agendado
6377;1480982400;PREVENTIVA;Agendado
6378;1480982400;PREVENTIVA;Agendado
6190;1481068800;ASBUILT;Agendado
6239;1481068800;ASBUILT;Agendado
6350;1481068800;ASBUILT;Agendado
6421;1481068800;ASBUILT;Agendado
6425;1481068800;ASBUILT;Agendado
6605;1481068800;ASBUILT;Agendado
6255;1481068800;PREVENTIVA;Agendado
6190;1481068800;PREVENTIVA;Agendado
6239;1481068800;PREVENTIVA;Agendado
6350;1481068800;PREVENTIVA;Agendado
6421;1481068800;PREVENTIVA;Agendado
6425;1481068800;PREVENTIVA;Agendado
6605;1481068800;PREVENTIVA;Agendado
6658;1481155200;ASBUILT;Agendado
6118;1481155200;ASBUILT;Agendado
6131;1481155200;ASBUILT;Agendado
6390;1481155200;ASBUILT;Agendado
6128;1481155200;PREVENTIVA;Agendado
6658;1481155200;PREVENTIVA;Agendado
6118;1481155200;PREVENTIVA;Agendado
6131;1481155200;PREVENTIVA;Agendado
6390;1481155200;PREVENTIVA;Agendado
6092;1481241600;AÇÕES DE MELHORIAS;Agendado
6454;1481241600;ASBUILT;Agendado
6487;1481241600;ASBUILT;Agendado
6266;1481241600;ASBUILT;Agendado
6092;1481241600;ASBUILT;Agendado
6335;1481241600;ASBUILT;Agendado
6373;1481241600;ASBUILT;Agendado
6454;1481241600;PREVENTIVA;Agendado
6092;1481241600;PREVENTIVA;Agendado
6335;1481241600;PREVENTIVA;Agendado
6373;1481241600;PREVENTIVA;Agendado
6374;1481328000;ASBUILT;Agendado
6374;1481328000;PREVENTIVA;Agendado
