6546;Posto Shell Perola;OK;OK;OK;;OK;OK;OK;OK;;
6550;Posto Shell Jardim Botanico;OK;OK;OK;;OK;OK;OK;OK;;
6507;Posto Shell Senhor Barcelona;OK;OK;OK;;OK;23/02/2017;OK;OK;;
6523;Posto Shell Colossal;OK;OK;OK;;OK;OK;OK;OK;;
6532;Posto Shell Antares;OK;OK;OK;;OK;03/03/2017;OK;OK;;
6533;Posto Shell Copa Ouro;OK;OK;OK;;OK;06/03/2017;OK;OK;;
6536;Posto Shell Aladin Servicos;OK;OK;OK;;OK;OK;OK;OK;;
6539;Posto Shell Pedrazzoli;OK;OK;OK;;OK;09/03/2017;OK;OK;;
6541;Posto Shell Picheth;OK;OK;OK;;OK;10/03/2017;OK;OK;;
6542;Posto Shell Ducati;OK;OK;OK;;OK;13/03/2017;OK;OK;;
6543;Posto Shell Gisela;OK;OK;OK;;OK;14/03/2017;OK;OK;;
6544;Posto Shell Premiere;OK;OK;OK;;OK;15/03/2017;OK;OK;;
6549;Posto Shell Farol do Parque;OK;OK;OK;;OK;16/03/2017;OK;OK;;
6551;Posto Shell Banc;OK;OK;OK;;OK;17/03/2017;OK;OK;;
6552;Posto Shell Thiago Vinicius;OK;OK;OK;;OK;20/03/2017;OK;OK;;
6562;Posto Shell Petrogil;OK;OK;OK;;OK;21/03/2017;OK;OK;;
6563;Posto Shell Sao Jose 3;OK;OK;OK;;OK;22/03/2017;OK;OK;;
6564;Posto Shell MLL;OK;OK;OK;;OK;23/03/2017;OK;OK;;
6566;Posto Shell Artigas;OK;OK;OK;;OK;OK;OK;OK;;
6567;Posto Shell NSL;OK;OK;OK;;OK;07/03/2017;OK;OK;;
6570;Posto Shell Cupim;OK;OK;OK;;OK;27/03/2017;OK;OK;;
6440;Posto Shell Tirol;03/04/2017;OK;03/04/2017;;03/04/2017;03/04/2017;OK;03/04/2017;;
6449;Posto Shell Jardim Oceanico da Barra;OK;OK;02/03/2017;;02/03/2017;02/03/2017;OK;;;
6436;Posto Shell Excede;OK;OK;OK;;OK;18/02/2017;OK;;;
6448;Posto Shell Jardim Oceanico;07/03/2017;OK;OK;;OK;07/03/2017;OK;OK;;
6481;Posto Shell Brasil 2000;27/02/2017;OK;27/02/2017;;27/02/2017;27/02/2017;OK;OK;;
6475;Posto Shell 2001;OK;23/02/2017;OK;;23/02/2017;23/02/2017;OK;;;
6476;Posto Shell Quinze;OK;OK;OK;;OK;OK;OK;;;
6434;Posto Shell Modelo JMLBG;OK;03/03/2017;OK;;OK;03/03/2017;OK;;;
6443;Posto Shell Karapito da Beira;06/03/2017;OK;OK;;OK;06/03/2017;OK;;;
6446;Posto Shell Amor da Leopoldina;OK;OK;OK;;OK;07/03/2017;OK;;;
6571;Posto Shell Rio Lima;OK;OK;OK;;OK;08/03/2017;OK;;;
6478;Posto Shell Gazpark Participaçoes;OK;09/03/2017;OK;;09/03/2017;09/03/2017;OK;;;
6525;Posto Shell Lipe;OK;OK;OK;;OK;10/03/2017;OK;;;
6447;Posto Shell Rocar Rio;13/03/2017;OK;OK;;OK;13/03/2017;OK;;;
6577;Posto Shell Casaca;OK;OK;OK;;OK;14/03/2017;OK;;;
6622;Posto Shell Manguinhos de Buzios;15/03/2017;OK;15/03/2017;;15/03/2017;15/03/2017;OK;;;
6438;Posto Shell Hawai Rio;OK;OK;OK;;16/03/2017;16/03/2017;OK;;;
6432;Posto Shell Golfe Clube;OK;OK;OK;;OK;17/03/2017;OK;OK;;
6461;Posto Shell Brasil Santa Cruz;OK;OK;OK;;OK;20/03/2017;OK;OK;;
6505;Posto Shell IATE;OK;OK;OK;;OK;21/03/2017;OK;;;
6537;Posto Shell Lord Rodrigo;22/03/2017;OK;22/03/2017;;22/03/2017;22/03/2017;OK;;;
6450;Posto Shell Rezende Recreio II;OK;OK;OK;;23/03/2017;23/03/2017;OK;;;
6575;Posto Shell Santa Amalia;OK;OK;OK;;OK;27/03/2017;OK;;;
6444;Posto Shell Barra Monteiro;29/03/2017;29/03/2017;29/03/2017;;29/03/2017;29/03/2017;OK;;;
6473;Posto Shell Chalcataya;OK;OK;OK;;30/03/2017;30/03/2017;OK;;;
6463;Posto Shell Amigao de Itaborai;OK;OK;OK;;OK;OK;OK;;;
6581;Posto Shell Big Aço;05/04/2017;OK;05/04/2017;;05/04/2017;05/04/2017;OK;;;
6474;Posto Shell JPX;OK;OK;OK;;06/04/2017;06/04/2017;OK;;;
6580;Posto Shell Galapagos;OK;OK;OK;;OK;OK;OK;;;
6610;Posto Shell Cardoso Castro;12/04/2017;12/04/2017;OK;;12/04/2017;12/04/2017;OK;;;
6595;Posto Shell A P F;19/04/2017;OK;19/04/2017;;19/04/2017;19/04/2017;OK;OK;;
6602;Posto Shell JB Caxias;26/04/2017;OK;OK;;26/04/2017;26/04/2017;OK;;;
6498;Posto Shell Pistao;OK;OK;OK;;OK;OK;OK;OK;;
6499;Posto Shell Mato Alto;OK;OK;OK;;OK;OK;OK;OK;;
6623;Posto Shell Boa Viagem Friburgo;03/05/2017;OK;OK;;03/05/2017;03/05/2017;OK;;;
6477;Posto Shell Arrastao;OK;OK;OK;;04/05/2017;04/05/2017;OK;;;
6453;Posto Shell Duck;OK;OK;OK;;05/05/2017;05/05/2017;OK;;;
6553;Posto Shell Monza;OK;OK;OK;;08/05/2017;08/05/2017;OK;;;
6435;Posto Shell Catedral;10/05/2017;OK;OK;;10/05/2017;10/05/2017;OK;;;
6657;Posto Shell Via Ponte;OK;OK;OK;;11/05/2017;11/05/2017;OK;;;
6603;Posto Shell Vitoria 040;OK;OK;OK;;15/05/2017;15/05/2017;OK;;;
6442;Posto Shell Grande Amor;17/05/2017;OK;OK;;17/05/2017;17/05/2017;OK;;;
6568;Posto Shell Paraiso Lubrificantes;OK;OK;OK;;18/05/2017;18/05/2017;OK;;;
6437;Posto Shell Importação;OK;OK;OK;;23/02/2017;23/02/2017;OK;;;
6445;Posto Shell Portela Dois;24/05/2017;OK;OK;;24/05/2017;24/05/2017;OK;;;
6479;Posto Shell Meriti;OK;OK;OK;;25/05/2017;25/05/2017;OK;;;
6480;Posto Shell Suina Derivados de Petroleo;OK;OK;OK;;29/05/2017;29/05/2017;OK;;;
6458;Posto Shell Maramar;31/05/2017;OK;OK;;31/05/2017;31/05/2017;OK;;;
6576;Posto Shell Avenida Central de Iraja;01/06/2017;OK;OK;;01/06/2017;01/06/2017;OK;;;
6591;Posto Shell ALG;05/06/2017;OK;OK;;05/06/2017;05/06/2017;OK;;;
6600;Posto Shell Barra Cachamorra;07/06/2017;OK;OK;;07/06/2017;07/06/2017;OK;;;
6596;Posto Shell Abreu Dois;08/06/2017;OK;OK;;08/06/2017;08/06/2017;OK;;;
6612;Posto Shell Abreu;13/06/2017;OK;OK;;13/06/2017;13/06/2017;OK;;;
6286;Posto Shell Soledade Gaucha;29/03/2017;OK;29/03/2017;;29/03/2017;29/03/2017;;OK;OK;OK
6492;Posto Shell Pavao Castelinho;OK;OK;OK;;OK;OK;OK;;;
6392;Posto Shell Ceiba Speciosa;03/03/2017;OK;OK;;03/03/2017;03/03/2017;OK;;;
6345;Posto Shell Cedro;OK;OK;OK;;22/02/2017;22/02/2017;;;OK;
6393;Posto Shell Castelinho de Sorocaba;20/03/2017;OK;20/03/2017;20/03/2017;20/03/2017;20/03/2017;;;;
6342;Posto Shell Alpha De Votorantim;OK;OK;OK;;24/03/2017;24/03/2017;OK;;;
6593;Posto Shell Monte Santo;OK;OK;OK;;OK;28/03/2017;;;;
6350;Posto Shell Aeroporto de Ubatuba;OK;OK;OK;;OK;28/06/2017;;;;
6093;Posto Shell Fernão dias;24/02/2017;24/02/2017;OK;;24/02/2017;24/02/2017;OK;;;
6214;Posto Shell 3M;OK;OK;OK;;16/02/2017;16/02/2017;;;;
6454;Posto Shell Viaduto de Morato Eireli;OK;OK;OK;;OK;17/02/2017;OK;OK;;
6373;Posto Shell Sabella e Sabella;20/02/2017;OK;OK;OK;OK;OK;OK;;;
6299;Posto Shell Dar A;OK;23/02/2017;OK;;22/02/2017;22/02/2017;;;21/02/2017;
6428;Posto Shell AJ e AR;OK;OK;OK;;OK;24/02/2017;;;;
6357;Posto Shell Rede Senna;OK;02/03/2017;OK;;02/03/2017;02/03/2017;;;;
6630;Posto Shell Santa Luzia Atibaia;OK;OK;OK;;OK;03/03/2017;;;;
6042;Posto Shell Jardim Sao Paulo;OK;OK;OK;06/03/2017;06/03/2017;06/03/2017;OK;;;
6082;Posto Shell Sao Joaquim;08/03/2017;08/03/2017;08/03/2017;;08/03/2017;08/03/2017;;;;
6172;Posto Shell Farol;OK;09/03/2017;09/03/2017;;09/03/2017;09/03/2017;OK;;;
6655;Posto Shell Sol da Dutra;OK;OK;OK;;13/03/2017;13/03/2017;;;;
6045;Posto Shell Lutaif;15/03/2017;OK;14/03/2017;OK;OK;OK;;;14/03/2017;
6063;Posto Shell Macedo;20/03/2017;OK;20/03/2017;;20/03/2017;20/03/2017;;;;
6087;Posto Shell Tapera Grande;22/03/2017;22/03/2017;22/03/2017;;22/03/2017;22/03/2017;;;;
6219;Posto Shell Diesel Mac;24/03/2017;23/03/2017;23/03/2017;;24/03/2017;24/03/2017;;;23/03/2017;
6140;Posto Shell O Chefao;27/03/2017;OK;OK;;27/03/2017;27/03/2017;;;;
6502;Posto Shell Europa Empreendimentos;29/03/2017;OK;29/03/2017;;29/03/2017;29/03/2017;;;;
6222;Posto Shell Mestre;30/03/2017;30/03/2017;30/03/2017;;30/03/2017;30/03/2017;;;;
6290;Posto Shell Argetax Guarulhos;03/04/2017;03/04/2017;03/04/2017;;03/04/2017;03/04/2017;;;;
6410;Posto Shell Carrossel;05/04/2017;05/04/2017;05/04/2017;;05/04/2017;05/04/2017;;;;
6139;Posto Shell Joia de Guarulhos;OK;OK;OK;;OK;OK;;;;
6419;Posto Shell Petrodutra;10/04/2017;10/04/2017;10/04/2017;;10/04/2017;10/04/2017;;;;
6486;Posto Shell Portal de Santana;12/04/2017;12/04/2017;12/04/2017;;12/04/2017;12/04/2017;;;;
6408;Posto Shell Avenida de Itatiba;17/04/2017;17/04/2017;17/04/2017;;17/04/2017;17/04/2017;;;;
6119;Posto Shell Mairipora;19/04/2017;19/04/2017;19/04/2017;;19/04/2017;19/04/2017;;;;
6365;Posto Shell Varsovia;26/04/2017;26/04/2017;26/04/2017;;26/04/2017;26/04/2017;;;;
6332;Posto Shell Ipe;27/04/2017;OK;27/04/2017;;27/04/2017;27/04/2017;;;;
6383;Posto Shell Bandeirante;03/05/2017;03/05/2017;03/05/2017;;03/05/2017;03/05/2017;;;;
6426;Posto Shell Cassiano Ricardo;04/05/2017;04/05/2017;04/05/2017;;04/05/2017;04/05/2017;;;;
6514;Posto Shell Quatro Trevo;08/05/2017;08/05/2017;08/05/2017;;08/05/2017;08/05/2017;;;;
6046;Posto Shell Bellagio;10/05/2017;10/05/2017;10/05/2017;;10/05/2017;10/05/2017;;;;
6220;Posto Shell Aiwa;11/05/2017;OK;11/05/2017;;11/05/2017;11/05/2017;;;;
6237;Posto Shell City Cantareira;15/05/2017;15/05/2017;15/05/2017;;15/05/2017;15/05/2017;;;;
6358;Posto Shell Lince Taubate;17/05/2017;17/05/2017;17/05/2017;;17/05/2017;17/05/2017;;;;
6364;Posto Shell Alpes;18/05/2017;18/05/2017;18/05/2017;;18/05/2017;18/05/2017;;;;
6347;Posto Shell Caragua;22/05/2017;OK;22/05/2017;;22/05/2017;22/05/2017;;;;
6255;Posto Shell Vila Galvao;24/05/2017;24/05/2017;24/05/2017;;24/05/2017;24/05/2017;;;;
6629;Posto Shell Bolla Branca;25/05/2017;25/05/2017;25/05/2017;;25/05/2017;25/05/2017;;;;
6262;Posto Shell Moni;29/05/2017;29/05/2017;29/05/2017;;29/05/2017;29/05/2017;;;;
6367;Posto Shell Maricar;31/05/2017;31/05/2017;31/05/2017;;31/05/2017;31/05/2017;31/05/2017;;;
6379;Posto Shell Sabella;01/06/2017;OK;01/06/2017;;01/06/2017;01/06/2017;;;;
6487;Posto Shell Tasquinha;05/06/2017;05/06/2017;05/06/2017;;05/06/2017;05/06/2017;;;;
6395;Posto Shell Scofano e Scofano;07/06/2017;07/06/2017;07/06/2017;;07/06/2017;07/06/2017;;;;
6516;Posto Shell Campos do Jordao;08/06/2017;08/06/2017;OK;;08/06/2017;08/06/2017;;;;
6226;Posto Shell G5;12/06/2017;12/06/2017;12/06/2017;;12/06/2017;12/06/2017;;;;
6605;Posto Shell Morro Azul de Itatiba;19/06/2017;OK;OK;;19/06/2017;19/06/2017;;;;
6634;Posto Shell Santana Sao Jose dos Campos;21/06/2017;21/06/2017;21/06/2017;;21/06/2017;21/06/2017;;;;
6084;Posto Shell 555;22/06/2017;22/06/2017;22/06/2017;;22/06/2017;22/06/2017;;;;
6349;Posto Shell Pontal da Cruz;26/06/2017;26/06/2017;26/06/2017;;26/06/2017;26/06/2017;;;;
6425;Posto Shell Perola de Ubatuba;28/06/2017;28/06/2017;OK;;28/06/2017;28/06/2017;OK;;;
6030;Posto Shell Gigante da Imigrantes;OK;OK;OK;OK;OK;OK;OK;;;
6044;Posto Shell Galena;OK;OK;OK;OK;OK;OK;OK;;;
6048;Posto Shell Summer;OK;OK;OK;OK;OK;OK;OK;;;
6203;Posto Shell Casa Grande;OK;OK;OK;OK;OK;OK;OK;;;
6007;Posto Shell Abraao de Morais;OK;OK;OK;;OK;OK;OK;;;
6154;Posto Shell Carlos E L Braga;OK;OK;OK;;OK;OK;OK;;;
6269;Posto Shell Mister Plus;OK;23/02/2017;OK;;OK;23/02/2017;;;;
6034;Posto Shell Prime;02/03/2017;OK;OK;OK;02/03/2017;OK;OK;;;
6625;Posto Shell Bola Pesada;07/03/2017;07/03/2017;OK;OK;OK;OK;OK;;;
6010;Posto Shell Napoleão Barros;29/05/2017;29/05/2017;29/05/2017;;29/05/2017;29/05/2017;29/05/2017;;;
6134;Posto Shell Panamby;OK;01/03/2017;OK;;01/03/2017;01/03/2017;OK;;;
6142;Posto Shell Morumbi Star;24/02/2017;OK;24/02/2017;OK;OK;OK;;;;
6654;Posto Shell Eco Posto;OK;OK;OK;;OK;02/03/2017;;;;
6062;Posto Shell Astúrias;OK;OK;OK;OK;OK;OK;OK;;;
6033;Posto Shell Elmar;06/03/2017;OK;OK;OK;OK;OK;OK;;;
6137;Posto Shell Toninho trinta;08/03/2017;OK;08/03/2017;08/03/2017;OK;08/03/2017;;;;
6261;Posto Shell Carlu;OK;09/03/2017;OK;;09/03/2017;09/03/2017;;;;
6189;Posto Shell Zonta;OK;10/03/2017;OK;;10/03/2017;10/03/2017;10/03/2017;;;
6079;Posto Shell Agua funda 1;OK;OK;OK;;OK;OK;;;OK;OK
6006;Posto Shell Agua Espraiada;OK;OK;OK;;OK;OK;;;;
6115;Posto Shell 2002;17/03/2017;16/03/2017;OK;;17/03/2017;17/03/2017;;;16/03/2017;
6050;Posto Shell BAP;20/03/2017;OK;OK;;20/03/2017;20/03/2017;;20/03/2017;;
6021;Posto Shell Monte Carlo;22/03/2017;22/03/2017;22/03/2017;;22/03/2017;22/03/2017;OK;;;
6053;Posto Shell Via Sul;23/03/2017;23/03/2017;OK;;23/03/2017;23/03/2017;OK;;;
6023;Posto Shell ABV;OK;OK;OK;;OK;OK;OK;;;
6218;Posto Shell Gaivota;29/03/2017;29/03/2017;29/03/2017;;29/03/2017;29/03/2017;;;;
6027;Posto Shell Status do Panamby;30/03/2017;30/03/2017;30/03/2017;;30/03/2017;30/03/2017;;;;
6047;Posto Shell JJ;03/04/2017;OK;03/04/2017;;03/04/2017;03/04/2017;;;;
6264;Posto Shell Arinella Brooklin;05/04/2017;05/04/2017;05/04/2017;;05/04/2017;05/04/2017;;;04/04/2017;
6099;Posto Shell Jardim 10;06/04/2017;06/04/2017;06/04/2017;;06/04/2017;06/04/2017;;06/04/2017;;
6129;Posto Shell Roan;10/04/2017;10/04/2017;OK;;10/04/2017;10/04/2017;;;;
6168;Posto Shell Vida Nova;12/04/2017;12/04/2017;12/04/2017;;12/04/2017;12/04/2017;12/04/2017;;;
6160;Posto Shell Isola;19/04/2017;19/04/2017;19/04/2017;;19/04/2017;19/04/2017;;;;
6238;Posto Shell Formula Shell;24/04/2017;24/04/2017;24/04/2017;;OK;24/04/2017;;;;
6187;Posto Shell Mara Miru;26/04/2017;26/04/2017;26/04/2017;;26/04/2017;26/04/2017;;;;
6085;Posto Shell Alcantara;27/04/2017;OK;27/04/2017;;27/04/2017;27/04/2017;27/04/2017;;;
6155;Posto Shell Antonio Paes;03/05/2017;OK;03/05/2017;;03/05/2017;03/05/2017;03/05/2017;;;
6244;Posto Shell EG;04/05/2017;04/05/2017;04/05/2017;;04/05/2017;04/05/2017;;04/05/2017;;
6224;Posto Shell Grand Prix;08/05/2017;08/05/2017;08/05/2017;OK;08/05/2017;OK;;;;
6253;Posto Shell BE;10/05/2017;10/05/2017;OK;;10/05/2017;10/05/2017;OK;;;
6324;Posto Shell Bela Vista;11/05/2017;OK;11/05/2017;;11/05/2017;11/05/2017;;;;
6351;Posto Shell Jupia;15/05/2017;OK;OK;;15/05/2017;15/05/2017;15/05/2017;;;
6413;Posto Shell Hiperion;17/05/2017;17/05/2017;17/05/2017;;17/05/2017;17/05/2017;;;;
6521;Posto Shell Duque Moema;18/05/2017;18/05/2017;18/05/2017;;18/05/2017;18/05/2017;;;;
6052;Posto Shell Ponto Solar;22/05/2017;22/05/2017;22/05/2017;;22/05/2017;22/05/2017;;;;
6070;Posto Shell Paraki;24/05/2017;24/05/2017;24/05/2017;;24/05/2017;24/05/2017;;;;
6072;Posto Shell Tonicar;25/05/2017;25/05/2017;25/05/2017;;25/05/2017;25/05/2017;;;;
6083;Posto Shell Via 10;29/05/2017;29/05/2017;29/05/2017;;29/05/2017;29/05/2017;;;;
6185;Posto Shell Duque Berrini;31/05/2017;31/05/2017;31/05/2017;;31/05/2017;31/05/2017;;;;
6208;Posto Shell Joruhi;01/06/2017;01/06/2017;01/06/2017;;01/06/2017;01/06/2017;;;;
6217;Posto Shell Savemo;05/06/2017;05/06/2017;05/06/2017;;05/06/2017;05/06/2017;05/06/2017;;;
6242;Posto Shell Portal do Paraiso;07/06/2017;07/06/2017;07/06/2017;;07/06/2017;07/06/2017;;;;07/06/2017
6245;Posto Shell Campo limpo;08/06/2017;08/06/2017;08/06/2017;;08/06/2017;08/06/2017;;08/06/2017;;
6257;Posto Shell Santo Eduardo;12/06/2017;12/06/2017;12/06/2017;;12/06/2017;12/06/2017;;;;
6035;Posto Shell Mascote;19/06/2017;19/06/2017;19/06/2017;;19/06/2017;19/06/2017;;;;
6250;Posto Shell Riolis;21/06/2017;21/06/2017;21/06/2017;;21/06/2017;21/06/2017;;;;
6268;Posto Shell Gôndola;22/06/2017;OK;22/06/2017;;22/06/2017;22/06/2017;OK;;;
6652;Posto Shell Parambos;26/06/2017;OK;OK;;26/06/2017;26/06/2017;OK;;;
6659;Posto Shell Jardim Marajoara;27/06/2017;OK;27/06/2017;;27/06/2017;27/06/2017;;;;
6088;Posto Shell Estonia 5;OK;OK;OK;;OK;OK;;;;
6036;Posto Shell Mash;OK;23/02/2017;OK;;23/02/2017;23/02/2017;;;;
6107;Posto Shell ABD;OK;OK;OK;;OK;24/02/2017;;;;
6534;Posto Shell Alameda Sacoma;03/03/2017;03/03/2017;OK;;OK;03/03/2017;OK;;;
6503;Posto Shell Arigato;26/04/2017;OK;26/04/2017;;26/04/2017;26/04/2017;26/04/2017;;;
6181;Posto Shell Portal Mogi;OK;01/03/2017;OK;;01/03/2017;01/03/2017;;;;
6086;Posto Shell Cinadis;OK;02/03/2017;OK;;02/03/2017;02/03/2017;;;;
6289;Posto Shell Turismo 2;06/03/2017;OK;OK;;OK;06/03/2017;;;;
6104;Posto Shell Estonia;08/03/2017;08/03/2017;08/03/2017;;OK;08/03/2017;08/03/2017;;;
6653;Posto Shell Beraldo;OK;09/03/2017;09/03/2017;;09/03/2017;09/03/2017;09/03/2017;;;
6223;Posto Shell Novo Ouro Negro;13/03/2017;OK;13/03/2017;;OK;13/03/2017;;;;
6080;Posto Shell Turismo;15/03/2017;OK;15/03/2017;;15/03/2017;15/03/2017;;;;
6121;Posto Shell Novo Milenio;OK;OK;OK;;16/03/2017;16/03/2017;;OK;;
6348;Posto Shell Pedro Lessa;20/03/2017;OK;OK;;OK;20/03/2017;OK;;;
6138;Posto Shell Estonia 3;OK;OK;OK;OK;OK;OK;;;21/03/2017;
6658;Posto Shell Mike;27/03/2017;27/03/2017;OK;;OK;27/03/2017;;;;
6124;Posto Shell La Caniza;29/03/2017;29/03/2017;OK;;29/03/2017;29/03/2017;OK;;;
6254;Posto Shell Padocka;OK;31/03/2017;31/03/2017;;31/03/2017;31/03/2017;;;30/03/2017;
6078;Posto Shell Star Red;03/04/2017;OK;OK;;OK;03/04/2017;;;;
6071;Posto Shell Oitenta;05/04/2017;05/04/2017;OK;;05/04/2017;05/04/2017;;;;
6504;Posto Shell Delta Mar;OK;OK;OK;;06/04/2017;06/04/2017;;;;
6335;Posto Shell Quality Supra;10/04/2017;OK;10/04/2017;;OK;10/04/2017;;;;
6101;Posto Shell Estonia 2;12/04/2017;12/04/2017;12/04/2017;;12/04/2017;12/04/2017;;;;
6494;Posto Shell Gasparzinho;OK;OK;OK;;17/04/2017;17/04/2017;;;;
6103;Posto Shell Tao Set;19/04/2017;19/04/2017;19/04/2017;;19/04/2017;19/04/2017;;;;
6421;Posto Shell Sao Bernardo;OK;OK;OK;;24/04/2017;24/04/2017;;;;
6109;Posto Shell Avenida dos estados;OK;OK;OK;;OK;OK;26/04/2017;;;
6123;Posto Shell Estação Anchieta;27/04/2017;OK;OK;;27/04/2017;27/04/2017;OK;;;
6111;Posto Shell Humaita;03/05/2017;03/05/2017;03/05/2017;;03/05/2017;03/05/2017;;;;
6336;Posto Shell M Super;04/05/2017;OK;04/05/2017;;04/05/2017;04/05/2017;OK;;;
6110;Posto Shell Estonia 4;08/05/2017;OK;08/05/2017;;08/05/2017;08/05/2017;;;;
6240;Posto Shell Lubricar;10/05/2017;10/05/2017;10/05/2017;;10/05/2017;10/05/2017;;;;
6496;Posto Shell Higienopolis Santo Andre;11/05/2017;11/05/2017;11/05/2017;;11/05/2017;11/05/2017;11/05/2017;;;
6135;Posto Shell Tratto;15/05/2017;OK;15/05/2017;;15/05/2017;15/05/2017;;;;
6420;Posto Shell Vitoria;17/05/2017;17/05/2017;17/05/2017;;17/05/2017;17/05/2017;;;;
6620;Posto Shell Automix;OK;18/05/2017;OK;;OK;18/05/2017;;;;
6094;Posto Shell Arco Verde;22/05/2017;22/05/2017;OK;;22/05/2017;22/05/2017;;;;
6108;Posto Shell Hiperpetro;24/05/2017;24/05/2017;24/05/2017;;24/05/2017;24/05/2017;24/05/2017;;;
6091;Posto Shell Sergio Motta Marques;OK;OK;OK;;OK;25/05/2017;;;;
6133;Posto Shell Argetax Anchieta;29/05/2017;29/05/2017;29/05/2017;;29/05/2017;29/05/2017;;;;
6360;Posto Shell Itarare Sao Vicente;31/05/2017;31/05/2017;31/05/2017;;31/05/2017;31/05/2017;31/05/2017;;;
6415;Posto Shell Aguia de Haia;01/06/2017;01/06/2017;01/06/2017;;01/06/2017;01/06/2017;;;;
6334;Posto Shell Quality Casablanca;05/06/2017;05/06/2017;05/06/2017;;05/06/2017;05/06/2017;;;;
6077;Posto Shell Nellu;07/06/2017;07/06/2017;OK;;07/06/2017;07/06/2017;;;;
6102;Posto Shell Marina;08/06/2017;08/06/2017;08/06/2017;;08/06/2017;08/06/2017;;;;
6132;Posto Shell Vanessa Santos Silva;12/06/2017;12/06/2017;12/06/2017;;12/06/2017;12/06/2017;;;;
6068;Posto Shell Kll;19/06/2017;19/06/2017;OK;;19/06/2017;19/06/2017;;;;
6136;Posto Shell Novo Barao 2;21/06/2017;OK;OK;;21/06/2017;21/06/2017;;;;
6298;Posto Shell Bap Barão;22/06/2017;22/06/2017;OK;;OK;OK;;;;
6118;Posto Shell Muraki;26/06/2017;OK;26/06/2017;;26/06/2017;26/06/2017;;;;
6241;Posto Shell Sol;28/06/2017;28/06/2017;28/06/2017;;28/06/2017;28/06/2017;;;;
6377;Posto Shell Guigui;29/06/2017;29/06/2017;29/06/2017;;29/06/2017;29/06/2017;;;;
6378;Posto Shell Dias;03/07/2017;OK;03/07/2017;;03/07/2017;03/07/2017;;;;
6239;Posto Shell Jordanopolis;05/07/2017;05/07/2017;05/07/2017;;05/07/2017;05/07/2017;;;;
6092;Posto Shell Vielfe Martins;06/07/2017;OK;06/07/2017;;06/07/2017;06/07/2017;;;;
6131;Posto Shell Nautica Frei Gaspar;07/07/2017;07/07/2017;07/07/2017;;07/07/2017;07/07/2017;;;;
6011;Posto Shell Ralpha;OK;14/03/2017;OK;;OK;14/03/2017;;;OK;
6116;Posto Shell Santa terezinha;OK;OK;OK;;OK;21/03/2017;;;;
6323;Posto Shell Vitrine;24/02/2017;OK;OK;OK;OK;OK;OK;;;
6117;Posto Shell CPC;OK;OK;OK;;OK;OK;;OK;;
6020;Posto Shell Alpha Marte;31/05/2017;31/05/2017;31/05/2017;;OK;31/05/2017;;;;
6196;Posto Shell SPW;OK;23/02/2017;OK;;23/02/2017;23/02/2017;OK;;;
6283;Posto Shell Progresso;OK;OK;OK;;OK;24/02/2017;;;;
6025;Posto Shell Batalha;03/03/2017;OK;03/03/2017;;03/03/2017;03/03/2017;OK;;02/03/2017;
6130;Posto Shell Recanto da seringueira;06/03/2017;OK;06/03/2017;;OK;06/03/2017;;;;
6490;Posto Shell Progresso Eloy Chaves;07/03/2017;OK;OK;OK;OK;OK;OK;;;
6354;Posto Shell Azulao;08/03/2017;08/03/2017;08/03/2017;;08/03/2017;08/03/2017;;08/03/2017;;
6285;Posto Shell Cidade Do Vinho;OK;OK;OK;;09/03/2017;09/03/2017;;;;
6076;Posto Shell Nova Itapevi;10/03/2017;10/03/2017;OK;OK;OK;OK;;;;
6002;Posto Shell Orion;13/03/2017;13/03/2017;OK;;OK;13/03/2017;OK;;;
6294;Posto Shell Telles;15/03/2017;OK;15/03/2017;;15/03/2017;15/03/2017;;;;15/03/2017
6049;Posto Shell Francisco Morato;OK;OK;OK;;16/03/2017;16/03/2017;OK;OK;OK;OK
6024;Posto Shell Tasca;17/03/2017;OK;17/03/2017;OK;17/03/2017;OK;;OK;;
6161;Posto Shell Arco Verde Cotia;20/03/2017;20/03/2017;OK;;OK;20/03/2017;OK;;;
6100;Posto Shell Ouro de barueri;OK;OK;OK;;OK;22/03/2017;;;;
6302;Posto Shell Parque Villa Lobos;OK;OK;OK;;23/03/2017;23/03/2017;;;;
6058;Posto Shell Bordo;27/03/2017;27/03/2017;OK;;OK;27/03/2017;OK;;;
6056;Posto Shell Center Car;29/03/2017;29/03/2017;29/03/2017;;29/03/2017;29/03/2017;;;;
6384;Posto Shell Sete Estrelas;OK;OK;OK;;30/03/2017;30/03/2017;;;;
6284;Posto Shell Keeper;OK;OK;OK;;03/04/2017;03/04/2017;;;;
6282;Posto Shell Parque da Uva;05/04/2017;OK;OK;;05/04/2017;05/04/2017;OK;;;
6412;Posto Shell Duque City;07/04/2017;OK;OK;;07/04/2017;07/04/2017;;;06/04/2017;
6001;Posto Shell Ramal;10/04/2017;OK;10/04/2017;;10/04/2017;10/04/2017;;;;
6167;Posto Shell Sao Conrado;12/04/2017;12/04/2017;OK;;12/04/2017;12/04/2017;OK;;;
6038;Posto Shell Benets;19/04/2017;19/04/2017;19/04/2017;;19/04/2017;19/04/2017;;19/04/2017;18/04/2017;
6008;Posto Shell Rimacris;24/04/2017;OK;OK;;24/04/2017;24/04/2017;OK;;;
6459;Posto Shell Duque Conde Alphaville;26/04/2017;26/04/2017;26/04/2017;;26/04/2017;26/04/2017;;26/04/2017;;
6106;Posto Shell Caracas Oil;27/04/2017;OK;27/04/2017;;27/04/2017;27/04/2017;OK;;;
6097;Posto Shell Saint Germain;03/05/2017;03/05/2017;03/05/2017;;03/05/2017;03/05/2017;;;;
6281;Posto Shell Bate Bola;04/05/2017;OK;OK;;04/05/2017;04/05/2017;OK;;;
6361;Posto Shell Retiro;08/05/2017;OK;08/05/2017;;08/05/2017;08/05/2017;;;;
6057;Posto Shell Moinho Velho;10/05/2017;10/05/2017;10/05/2017;;10/05/2017;10/05/2017;;;;
6127;Posto Shell Osasco Country;11/05/2017;OK;OK;;11/05/2017;11/05/2017;;;;
6522;Posto Shell Trento;15/05/2017;OK;OK;;15/05/2017;15/05/2017;;OK;OK;OK
6018;Posto Shell Faga e Bizarria;17/05/2017;OK;OK;;17/05/2017;17/05/2017;17/05/2017;;;
6095;Posto Shell Jaguare;18/05/2017;OK;OK;;18/05/2017;18/05/2017;OK;;;
6204;Posto Shell Mingo;22/05/2017;22/05/2017;22/05/2017;;22/05/2017;22/05/2017;;;;22/05/2017
6246;Posto Shell Veneza;24/05/2017;24/05/2017;24/05/2017;;24/05/2017;24/05/2017;;;;
6387;Posto Shell Panamericano;25/05/2017;25/05/2017;OK;;25/05/2017;25/05/2017;;;;
6074;Posto Shell Kobayachi;29/05/2017;OK;29/05/2017;;29/05/2017;29/05/2017;;;;
6075;Posto Shell 45;23/02/2017;23/02/2017;23/02/2017;;23/02/2017;23/02/2017;;;;
6028;Posto Shell Sao Gualter;01/06/2017;OK;01/06/2017;;01/06/2017;01/06/2017;;;;
6256;Posto Shell CRS;OK;OK;OK;;OK;OK;;;;
6156;Posto Shell Luppi;07/06/2017;07/06/2017;07/06/2017;;07/06/2017;07/06/2017;;;;
6390;Posto Shell Fera de Itapevi;08/06/2017;08/06/2017;OK;;08/06/2017;08/06/2017;;;;
6293;Posto Shell Caxambu;OK;OK;OK;;OK;OK;;;;
6391;Posto Shell Jundiai Mirim;19/06/2017;OK;19/06/2017;;19/06/2017;19/06/2017;;;;
6462;Posto Shell Estrela;21/06/2017;OK;21/06/2017;;21/06/2017;21/06/2017;;;;
6304;Posto Shell Cristal;22/06/2017;22/06/2017;22/06/2017;;22/06/2017;22/06/2017;;;;
6017;Posto Shell Portal Leste;OK;OK;OK;OK;OK;OK;OK;;;
6143;Posto Shell Veiga Filho;OK;24/02/2017;24/02/2017;;24/02/2017;24/02/2017;24/02/2017;;;
6113;Posto Shell Martinelli;OK;OK;OK;;16/02/2017;16/02/2017;OK;;;
6169;Posto Shell Lorena;OK;OK;OK;;OK;17/02/2017;OK;OK;;
6041;Posto Shell Marini;23/02/2017;OK;23/02/2017;;OK;23/02/2017;OK;;;
6009;Posto Shell Hawai;21/02/2017;21/02/2017;OK;OK;OK;OK;OK;;;
6026;Posto Shell Cote D'azur;22/02/2017;22/02/2017;22/02/2017;;22/02/2017;22/02/2017;;;;
6013;Posto Shell Estacao Carandiru;OK;OK;OK;;24/02/2017;24/02/2017;;;23/02/2017;
6274;Posto Shell Silvia Maria Pinto Santos Abastece;01/03/2017;OK;OK;OK;OK;OK;;;;
6073;Posto Shell Agua Funda 2;02/03/2017;OK;02/03/2017;;OK;02/03/2017;OK;;;
6029;Posto Shell Rio Grande;OK;OK;03/03/2017;;OK;03/03/2017;;;;
6040;Posto Shell Carlos Alberto Papacidero;06/03/2017;OK;06/03/2017;OK;06/03/2017;OK;;;;
6032;Posto Shell M.A;08/03/2017;08/03/2017;08/03/2017;;08/03/2017;08/03/2017;;;07/03/2017;
6043;Posto Shell Fukuya Kanemoto;10/03/2017;10/03/2017;OK;;10/03/2017;10/03/2017;OK;;09/03/2017;
6399;Posto Shell Bela Cintra;OK;10/03/2017;OK;OK;OK;OK;;;;
6019;Posto Shell Fabio Motta Marques;13/03/2017;OK;OK;OK;13/03/2017;OK;OK;;;
6326;Posto Shell Jurua;15/03/2017;15/03/2017;15/03/2017;;15/03/2017;15/03/2017;;;;
6501;Posto Shell Kalota;16/03/2017;16/03/2017;16/03/2017;;OK;16/03/2017;;;;
6234;Posto Shell Tropical Gas;20/03/2017;20/03/2017;20/03/2017;20/03/2017;OK;20/03/2017;;;;
6417;Posto Shell Acc Radial;22/03/2017;OK;OK;22/03/2017;22/03/2017;22/03/2017;OK;;;
6014;Posto Shell Caetano Alvares;23/03/2017;OK;23/03/2017;;23/03/2017;23/03/2017;OK;;;
6015;Posto Shell Bristol;27/03/2017;27/03/2017;OK;;27/03/2017;27/03/2017;OK;;;
6249;Posto Shell Albano;29/03/2017;29/03/2017;29/03/2017;;29/03/2017;29/03/2017;29/03/2017;;28/03/2017;
6054;Posto Shell Vera Cruz;30/03/2017;30/03/2017;OK;;30/03/2017;30/03/2017;;;;
6198;Posto Shell Maranelo 2;OK;03/04/2017;OK;;OK;03/04/2017;;;;
6016;Posto Shell Catalao;05/04/2017;05/04/2017;05/04/2017;;05/04/2017;05/04/2017;;;;
6508;Posto Shell Malure;OK;OK;OK;;OK;06/04/2017;OK;;;
6489;Posto Shell Flor da Luz;12/04/2017;12/04/2017;12/04/2017;;12/04/2017;12/04/2017;;;11/04/2017;
6611;Posto Shell Gran Penha;OK;OK;OK;;OK;17/04/2017;;;;
6037;Posto Shell Gipires;19/04/2017;19/04/2017;19/04/2017;;19/04/2017;19/04/2017;19/04/2017;;;
6005;Posto Shell Atlantica;26/04/2017;OK;OK;;26/04/2017;26/04/2017;OK;;25/04/2017;
6346;Posto Shell Abraao Ribeiro;27/04/2017;OK;OK;;27/04/2017;27/04/2017;OK;;;
6051;Posto Shell Independencia do cambuci;03/05/2017;03/05/2017;03/05/2017;;03/05/2017;03/05/2017;;;;
6325;Posto Shell Sao Martinho;04/05/2017;OK;OK;;04/05/2017;04/05/2017;;;;
6512;Posto Shell Trapezio;08/05/2017;OK;08/05/2017;;08/05/2017;08/05/2017;;;;
6120;Posto Shell Vila rica;10/05/2017;10/05/2017;10/05/2017;;10/05/2017;10/05/2017;10/05/2017;;;
6112;Posto Shell Phenix;11/05/2017;11/05/2017;11/05/2017;;11/05/2017;11/05/2017;;;;
6128;Posto Shell Rally;15/05/2017;OK;15/05/2017;;15/05/2017;15/05/2017;;;;
6159;Posto Shell Ermano Marchetti;17/05/2017;17/05/2017;17/05/2017;;17/05/2017;17/05/2017;;;;
6201;Posto Shell Tejo;18/05/2017;18/05/2017;18/05/2017;;18/05/2017;18/05/2017;;;;
6297;Posto Shell Grande São Paulo;22/05/2017;OK;OK;;OK;22/05/2017;OK;;;
6235;Posto Shell Guarnel;24/05/2017;24/05/2017;24/05/2017;;24/05/2017;24/05/2017;24/05/2017;;;
6484;Posto Shell Argetax Vila Guilherme;25/05/2017;25/05/2017;25/05/2017;;25/05/2017;25/05/2017;;;;
6145;Posto Shell Novo Barao;OK;OK;OK;;OK;OK;;;;
6656;Auto Posto Belezura;31/05/2017;31/05/2017;31/05/2017;;31/05/2017;31/05/2017;31/05/2017;;;
6146;Posto Shell Brilhante;01/06/2017;01/06/2017;01/06/2017;;01/06/2017;01/06/2017;;;;
6191;Posto Shell Montana;05/06/2017;05/06/2017;05/06/2017;;05/06/2017;05/06/2017;;;;
6270;Posto Shell Rocar;07/06/2017;07/06/2017;07/06/2017;;07/06/2017;07/06/2017;OK;;;
6272;Posto Shell Duque e Cia;08/06/2017;08/06/2017;08/06/2017;;08/06/2017;08/06/2017;;;;
6305;Posto Shell SS;13/06/2017;13/06/2017;13/06/2017;;13/06/2017;13/06/2017;13/06/2017;;;
6266;Posto Shell Cardeal;19/06/2017;19/06/2017;OK;;19/06/2017;19/06/2017;;;;
6506;Posto Shell Casa Nova;21/06/2017;21/06/2017;21/06/2017;;21/06/2017;21/06/2017;21/06/2017;;;
6151;Posto Shell Center Paraiso;22/06/2017;22/06/2017;22/06/2017;;22/06/2017;22/06/2017;;;;
6190;Posto Shell Lavapes;26/06/2017;26/06/2017;26/06/2017;;26/06/2017;26/06/2017;;;;
6355;Posto Shell Quinta Avenida;28/06/2017;28/06/2017;28/06/2017;;28/06/2017;28/06/2017;OK;;;
6374;Posto Shell Virgilio Fernando;29/06/2017;29/06/2017;29/06/2017;;29/06/2017;29/06/2017;;;;
6385;Posto Shell Bruno Alves Portero;03/07/2017;03/07/2017;03/07/2017;;03/07/2017;03/07/2017;;;;
6527;Posto Shell Margodete;05/07/2017;05/07/2017;05/07/2017;;05/07/2017;05/07/2017;;;;
6213;Posto Shell Luiz Fantinato Filho;23/02/2017;OK;23/02/2017;;23/02/2017;23/02/2017;;23/02/2017;;
6183;Posto Shell Jardim Americana;OK;OK;OK;;16/02/2017;16/02/2017;;;;
6173;Posto Shell Futuro;24/02/2017;OK;OK;OK;24/02/2017;OK;OK;;;
6171;Posto Shell Washington Luiz;20/02/2017;OK;OK;;OK;20/02/2017;;;;20/02/2017
6200;Posto Shell Luiz Venditti;22/02/2017;OK;22/02/2017;;22/02/2017;22/02/2017;;22/02/2017;;
6210;Posto Shell Progresso Mogi;21/02/2017;OK;OK;;21/02/2017;21/02/2017;;21/02/2017;;
6456;Posto Shell Siqueira e Carbonari;01/03/2017;01/03/2017;OK;;OK;01/03/2017;;;;
6292;Posto Shell Portal de Americana;02/03/2017;OK;OK;;OK;02/03/2017;OK;;;
6313;Posto Shell Bongue;OK;OK;06/03/2017;;06/03/2017;06/03/2017;;;;
6184;Posto Shell Fenix Nova Odessa;08/03/2017;OK;08/03/2017;;08/03/2017;08/03/2017;;08/03/2017;;
6353;Posto Shell Tiger;OK;OK;09/03/2017;;09/03/2017;09/03/2017;;;;
6175;Posto Shell Presidente Juscelino;13/03/2017;OK;13/03/2017;;13/03/2017;13/03/2017;;;;
6209;Posto Shell Andorinhas;OK;OK;OK;;OK;15/03/2017;OK;;;
6199;Posto Shell Jardim do Trevo;16/03/2017;OK;16/03/2017;;16/03/2017;16/03/2017;;;;
6628;Posto Shell Almeida e L.Oveira;OK;OK;OK;;OK;20/03/2017;;;;
6359;Posto Shell Avenida Brasil;OK;22/03/2017;OK;;OK;22/03/2017;;;;
6150;Posto Shell Moraes Sales;23/03/2017;OK;23/03/2017;;23/03/2017;23/03/2017;23/03/2017;;;
6170;Posto Shell Pole Position;27/03/2017;OK;27/03/2017;;27/03/2017;27/03/2017;;;;
6211;Posto Shell Barbieri de Barao Geraldo;29/03/2017;OK;29/03/2017;;29/03/2017;29/03/2017;;;;
6280;Posto Shell Castelinho;30/03/2017;OK;30/03/2017;;30/03/2017;30/03/2017;;;;
6366;Posto Shell Restaurante 3 Vias;03/04/2017;OK;03/04/2017;;03/04/2017;03/04/2017;;;;
6362;Posto Shell Garcia de Campinas;05/04/2017;OK;05/04/2017;;05/04/2017;05/04/2017;05/04/2017;;;
6627;Posto Shell LG;06/04/2017;OK;06/04/2017;;06/04/2017;06/04/2017;OK;;;
6180;Posto Shell Companheiro;10/04/2017;OK;OK;;10/04/2017;10/04/2017;;;;
6311;Posto Shell Dona Francisca;12/04/2017;12/04/2017;12/04/2017;;12/04/2017;12/04/2017;12/04/2017;;;
6455;Posto Shell Borssato Serrazul;17/04/2017;OK;17/04/2017;;17/04/2017;17/04/2017;;;;
6330;Posto Shell Aeroporto Limeira;19/04/2017;OK;19/04/2017;;19/04/2017;19/04/2017;19/04/2017;;;
6230;Posto Shell Amigao;24/04/2017;OK;OK;;24/04/2017;24/04/2017;;;;
6356;Posto Shell Agronomia;26/04/2017;OK;26/04/2017;;26/04/2017;26/04/2017;26/04/2017;;;
6491;Posto Shell Nova Suiça;28/04/2017;OK;OK;;OK;28/04/2017;;;27/04/2017;
6363;Posto Shell Fantinato;03/05/2017;OK;OK;;03/05/2017;03/05/2017;;;02/05/2017;
6186;Posto Shell Rebouças;08/05/2017;OK;OK;;08/05/2017;08/05/2017;OK;;;
6195;Posto Shell Saci;10/05/2017;OK;10/05/2017;;10/05/2017;10/05/2017;10/05/2017;;;
6163;Posto Shell Express Valinhos;11/05/2017;OK;OK;;11/05/2017;11/05/2017;OK;;;
6174;Posto Shell Vo Joao;15/05/2017;OK;15/05/2017;;15/05/2017;15/05/2017;;;;
6216;Posto Shell Av Nossa Sra de Fatima;17/05/2017;OK;17/05/2017;;17/05/2017;17/05/2017;;;;
6227;Posto Shell Campineira;18/05/2017;OK;18/05/2017;;18/05/2017;18/05/2017;;;;
6252;Posto Shell Nova Campinas;22/05/2017;OK;22/05/2017;;22/05/2017;22/05/2017;;;;
6291;Posto Shell Andrea Santini Rego;24/05/2017;OK;24/05/2017;;24/05/2017;24/05/2017;;;;
6193;Posto Shell Jardim colonial;25/05/2017;OK;25/05/2017;;25/05/2017;25/05/2017;;;;
6329;Posto Shell Avenida Campinas;29/05/2017;29/05/2017;29/05/2017;;29/05/2017;29/05/2017;;;;
6303;Posto Shell Santa Cruz de Mogi Mirim;31/05/2017;31/05/2017;OK;;31/05/2017;31/05/2017;;;;
6308;Posto Shell TM;01/06/2017;OK;01/06/2017;;01/06/2017;01/06/2017;01/06/2017;;;
6215;Posto Shell Vila Pagano;05/06/2017;OK;05/06/2017;;05/06/2017;05/06/2017;;;;
6277;Posto Shell Madia;07/06/2017;07/06/2017;07/06/2017;;07/06/2017;07/06/2017;;;;
6273;Posto Shell Helio Valdivia;08/06/2017;OK;OK;;08/06/2017;08/06/2017;OK;;;
6295;Posto Shell Jardim Santa Monica;13/06/2017;OK;13/06/2017;;13/06/2017;13/06/2017;;;;
6418;Posto Shell Chacaras do Coelho;19/06/2017;OK;OK;;19/06/2017;19/06/2017;OK;;;
6300;Posto Shell Abdelnor;21/06/2017;OK;21/06/2017;;21/06/2017;21/06/2017;;;;
6288;Posto Shell Pimenta;OK;OK;OK;;OK;22/06/2017;;;;
6307;Posto Shell Agua Branca;26/06/2017;26/06/2017;26/06/2017;;26/06/2017;26/06/2017;;;;
6309;GT;28/06/2017;28/06/2017;28/06/2017;;28/06/2017;28/06/2017;;;;
6310;Posto Shell Algodoal;29/06/2017;OK;29/06/2017;;29/06/2017;29/06/2017;;;;
6312;Posto Shell Radial Norte Sul de Piracicaba;03/07/2017;OK;03/07/2017;;03/07/2017;03/07/2017;;;;
6327;Posto Shell Piracena;05/07/2017;OK;05/07/2017;;05/07/2017;05/07/2017;;;;
6331;Posto Shell Marun;06/07/2017;06/07/2017;06/07/2017;;06/07/2017;06/07/2017;;;;
6343;Posto Shell Universo 2000;10/07/2017;OK;10/07/2017;;10/07/2017;10/07/2017;;;;
6296;Posto Shell Dom Pedro I;12/07/2017;OK;12/07/2017;;12/07/2017;12/07/2017;;;;
6424;Posto Shell Sigma;13/07/2017;13/07/2017;13/07/2017;;13/07/2017;13/07/2017;;;;
6403;Posto Shell Quinta do Golfe;15/02/2017;OK;OK;;OK;15/02/2017;OK;;;
6404;Posto Shell Atarumin;16/02/2017;OK;16/02/2017;;16/02/2017;16/02/2017;;16/02/2017;;
6405;Posto Shell Guaruja Andalo;17/02/2017;OK;OK;;OK;17/02/2017;OK;;;
6465;Posto Shell Araujo Leite;OK;OK;OK;;OK;20/02/2017;OK;OK;;
6609;Posto Shell Forgerine E Inouye Itirapina;OK;OK;OK;;OK;21/02/2017;OK;;;
6509;Posto Shell Rodovia de Bauru;22/02/2017;OK;22/02/2017;;22/02/2017;22/02/2017;OK;;;
6510;Posto Shell Manhattam;OK;OK;OK;;OK;24/02/2017;OK;;;
6468;Posto Shell Aeroporto Bauru;OK;OK;OK;;OK;01/03/2017;OK;;;
6470;Posto Shell Duque 21 de Moura;02/03/2017;OK;OK;;OK;02/03/2017;OK;;;
6318;Posto Shell Espaço Botanico;OK;OK;OK;;OK;07/03/2017;OK;;;
6319;Posto Shell Josimar D Lourenco;08/03/2017;OK;08/03/2017;;OK;08/03/2017;OK;08/03/2017;;
6352;Posto Shell Martineli City;OK;OK;09/03/2017;;OK;09/03/2017;OK;;;
6466;Posto Shell Nações Bauru;OK;OK;OK;;OK;OK;OK;;;
6598;Posto Shell LK Vila Falcao I;14/03/2017;OK;14/03/2017;;14/03/2017;14/03/2017;OK;;;
6578;Posto Shell LK Vila Universitaria;15/03/2017;OK;OK;;15/03/2017;15/03/2017;OK;;;
6606;Posto Shell Colina Aracatuba;OK;OK;OK;;OK;20/03/2017;OK;20/03/2017;;
6338;Posto Shell Portal Presidente;OK;OK;OK;;22/03/2017;22/03/2017;OK;;;
6389;Posto Shell Nelson Scorsolini;23/03/2017;OK;OK;;OK;23/03/2017;OK;OK;;
6511;Posto Shell Reyssol;24/03/2017;OK;OK;;OK;24/03/2017;OK;;;
6469;Posto Shell Rodoposto Maristela;28/03/2017;OK;OK;;OK;28/03/2017;OK;;;
6472;Posto Shell Carbonari;29/03/2017;OK;OK;;29/03/2017;29/03/2017;OK;;;
6594;Posto Shell Luches;30/03/2017;OK;OK;;30/03/2017;30/03/2017;OK;;;
6400;Posto Shell Rio Claro Center Shopping;04/04/2017;OK;OK;;OK;04/04/2017;OK;;;
6344;Posto Shell Andorinha de Rio Claro;05/04/2017;OK;05/04/2017;;05/04/2017;05/04/2017;OK;;;
6604;Posto Shell Forgerini e Inouye São Carlos ;OK;OK;OK;;07/05/2017;07/05/2017;OK;;;
6531;Posto Shell Galo Branco;11/04/2017;OK;11/04/2017;;11/04/2017;11/04/2017;OK;;;
6411;Posto Shell Santos Dummont de Franca;12/04/2017;OK;12/04/2017;;12/04/2017;12/04/2017;OK;;;
6397;Posto Shell Mixam;18/04/2017;OK;OK;;18/04/2017;18/04/2017;OK;;;
6314;Posto Shell Maravilha;25/04/2017;OK;25/04/2017;;25/04/2017;25/04/2017;OK;;;
6315;Posto Shell Presidente Ribeirao;26/04/2017;OK;26/04/2017;;26/04/2017;26/04/2017;OK;;;
6320;Posto Shell Alcides Costa;27/04/2017;OK;27/04/2017;;27/04/2017;27/04/2017;OK;;;
6322;Posto Shell Monaco;02/05/2017;OK;OK;;02/05/2017;02/05/2017;OK;;;
6316;Posto Shell Sociedade RD;05/05/2017;OK;05/05/2017;;05/05/2017;05/05/2017;OK;;04/05/2017;
6321;Posto Shell Carro Nobre;06/05/2017;OK;06/05/2017;;06/05/2017;06/05/2017;OK;;;
6471;Posto Shell Limoeiro;10/05/2017;OK;10/05/2017;;10/05/2017;10/05/2017;OK;;;
6396;Posto Shell Presidente Ribeirao;11/05/2017;OK;11/05/2017;;11/05/2017;11/05/2017;OK;;;
6398;Posto Shell Mediani Pires;17/05/2017;OK;17/05/2017;;17/05/2017;17/05/2017;OK;;;
6401;Posto Shell Itaipu Bassit;18/05/2017;OK;18/05/2017;;18/05/2017;18/05/2017;OK;;;
6402;Posto Shell Primavera Murchid;23/05/2017;OK;23/05/2017;;23/05/2017;23/05/2017;OK;;;
6406;Posto Shell Axr;24/05/2017;OK;24/05/2017;;24/05/2017;24/05/2017;OK;;;
6407;Posto Shell Petro Bady;25/05/2017;OK;25/05/2017;;25/05/2017;25/05/2017;OK;;;
