24/10/16;1471824000;;6037;Agendado;PREVENTIVA;SP01
24/10/16;1471824000;;6465;Agendado;PREVENTIVA;SP05
24/10/16;1471910400;;6468;Agendado;PREVENTIVA;SP05
24/10/16;1471910400;;6216;Agendado;PREVENTIVA;SP06
24/10/16;1471996800;;6318;Agendado;PREVENTIVA;SP05
24/10/16;1471996800;;6359;Agendado;PREVENTIVA;SP06
24/10/16;1471996800;;6291;Agendado;PREVENTIVA;SP06
24/10/16;1472169600;;6466;Agendado;PREVENTIVA;SP05
24/10/16;1472601600;;6213;Agendado;PREVENTIVA;SP06
24/10/16;1472601600;;6320;Agendado;PREVENTIVA;SP05
24/10/16;1472601600;;6296;Agendado;PREVENTIVA;SP06
24/10/16;1472774400;;6604;Agendado;PREVENTIVA;SP05
24/10/16;1472860800;;6539;Agendado;PREVENTIVA;PR01
24/10/16;1473033600;;6473;Agendado;AÇÕES DE MELHORIAS;RJ01
24/10/16;1473033600;;6352;Agendado;AÇÕES DE MELHORIAS;SP05
24/10/16;1473033600;;6025;Agendado;PREVENTIVA;SP01
24/10/16;1473033600;;6546;Agendado;PREVENTIVA;PR01
24/10/16;1473120000;;6318;Agendado;AÇÕES DE MELHORIAS;SP05
24/10/16;1473120000;;6443;Agendado;AÇÕES DE MELHORIAS;RJ01
24/10/16;1473120000;;6487;Agendado;PREVENTIVA;SP04
24/10/16;1473379200;;6470;Agendado;PREVENTIVA;SP05
24/10/16;1473379200;;6578;Agendado;PREVENTIVA;SP05
24/10/16;1473465600;;6571;Agendado;PREVENTIVA;RJ02
24/10/16;1473465600;;6598;Agendado;PREVENTIVA;SP05
24/10/16;1473638400;;6184;Agendado;PREVENTIVA;SP06
24/10/16;1473638400;;6471;Agendado;PREVENTIVA;SP05
24/10/16;1473638400;;6533;Agendado;PREVENTIVA;PR01
24/10/16;1473724800;;6048;Agendado;AÇÕES DE MELHORIAS;SP02
24/10/16;1473724800;;6222;Agendado;AÇÕES DE MELHORIAS;SP04
24/10/16;1473724800;;6048;Agendado;PREVENTIVA;SP02
24/10/16;1473724800;;6361;Agendado;PREVENTIVA;SP04
24/10/16;1473724800;;6450;Agendado;PREVENTIVA;RJ01
24/10/16;1473811200;;6327;Agendado;PREVENTIVA;SP06
24/10/16;1473897600;;6396;Agendado;AÇÕES DE MELHORIAS;SP05
24/10/16;1473897600;;6358;Agendado;AÇÕES DE MELHORIAS;SP04
24/10/16;1473984000;;6142;Agendado;AÇÕES DE MELHORIAS;SP01
24/10/16;1473984000;;6544;Agendado;AÇÕES DE MELHORIAS;PR01
24/10/16;1473984000;;6142;Agendado;PREDITIVA;SP01
24/10/16;1473984000;;6142;Agendado;PREVENTIVA;SP01
24/10/16;1473984000;;6312;Agendado;PREVENTIVA;SP06
24/10/16;1473984000;;6544;Agendado;PREVENTIVA;PR01
24/10/16;1473984000;;6609;Agendado;PREVENTIVA;SP05
24/10/16;1474070400;;6280;Agendado;PREVENTIVA;SP06
24/10/16;1474070400;;6472;Agendado;PREVENTIVA;SP05
24/10/16;1474243200;;6436;Agendado;PREVENTIVA;RJ02
24/10/16;1474243200;;6606;Agendado;PREVENTIVA;SP05
24/10/16;1474329600;;6344;Agendado;PREVENTIVA;SP05
24/10/16;1474329600;;6400;Agendado;PREVENTIVA;SP05
24/10/16;1474329600;;6542;Agendado;PREVENTIVA;PR01
24/10/16;1474416000;;6463;Agendado;AÇÕES DE MELHORIAS;RJ02
24/10/16;1474416000;;6511;Agendado;PREVENTIVA;SP05
24/10/16;1474502400;;6512;Agendado;AÇÕES DE MELHORIAS;SP03
24/10/16;1474502400;;6531;Agendado;AÇÕES DE MELHORIAS;SP05
24/10/16;1474502400;;6324;Agendado;AÇÕES DE MELHORIAS;SP01
24/10/16;1474502400;;6656;Agendado;AÇÕES DE MELHORIAS;SP03
24/10/16;1474502400;;6531;Agendado;AÇÕES DE MELHORIAS;SP05
24/10/16;1474502400;;6234;Agendado;AÇÕES DE MELHORIAS;SP02
24/10/16;1474502400;;6266;Agendado;AÇÕES DE MELHORIAS;SP02
24/10/16;1474502400;;6552;Agendado;AÇÕES DE MELHORIAS;PR01
24/10/16;1474502400;;6552;Agendado;AÇÕES DE MELHORIAS;PR01
24/10/16;1474502400;;6266;Agendado;PREVENTIVA;SP02
24/10/16;1474588800;;6469;Agendado;AÇÕES DE MELHORIAS;SP05
24/10/16;1474588800;;6469;Agendado;PREVENTIVA;SP05
24/10/16;1474848000;;6123;Agendado;AÇÕES DE MELHORIAS;SP03
24/10/16;1474848000;;6155;Agendado;AÇÕES DE MELHORIAS;SP01
24/10/16;1474848000;;6080;Agendado;AÇÕES DE MELHORIAS;SP02
24/10/16;1474848000;;6078;Agendado;AÇÕES DE MELHORIAS;SP03
24/10/16;1474848000;;6595;Agendado;PREVENTIVA;RJ01
24/10/16;1474934400;;6511;Agendado;AÇÕES DE MELHORIAS;SP05
24/10/16;1474934400;;6490;Agendado;AÇÕES DE MELHORIAS;SP04
24/10/16;1474934400;;6510;Agendado;AÇÕES DE MELHORIAS;SP05
24/10/16;1474934400;;6564;Agendado;AÇÕES DE MELHORIAS;PR01
24/10/16;1474934400;;6564;Agendado;AÇÕES DE MELHORIAS;PR01
24/10/16;1474934400;;6490;Agendado;PREVENTIVA;SP04
24/10/16;1475020800;;6299;Agendado;AÇÕES DE MELHORIAS;SP01
24/10/16;1475020800;;6546;Agendado;AÇÕES DE MELHORIAS;PR01
24/10/16;1475020800;;6546;Agendado;AÇÕES DE MELHORIAS;PR01
24/10/16;1475020800;;6009;Agendado;PREVENTIVA;SP01
24/10/16;1475020800;;6314;Agendado;PREVENTIVA;SP05
24/10/16;1475020800;;6438;Agendado;PREVENTIVA;RJ02
24/10/16;1475020800;;6446;Agendado;PREVENTIVA;RJ02
24/10/16;1475193600;;6536;Agendado;AÇÕES DE MELHORIAS;PR01
24/10/16;1475193600;;6334;Agendado;PREVENTIVA;SP03
24/10/16;1475193600;;6498;Agendado;PREVENTIVA;RJ01
24/10/16;1475193600;;6322;Agendado;PREVENTIVA;SP05
24/10/16;1475193600;;6440;Agendado;PREVENTIVA;RJ01
24/10/16;1475193600;;6657;Agendado;PREVENTIVA;RJ02
24/10/16;1475280000;;6538;Agendado;AÇÕES DE MELHORIAS;PR01
24/10/16;1475280000;;6036;Agendado;PREVENTIVA;SP02
24/10/16;1475280000;;6538;Agendado;PREVENTIVA;PR01
24/10/16;1475280000;;6653;Agendado;PREVENTIVA;SP03
24/10/16;1475452800;;6195;Agendado;PREVENTIVA;SP06
24/10/16;1475452800;;6389;Agendado;PREVENTIVA;SP05
24/10/16;1475452800;;6477;Agendado;PREVENTIVA;RJ02
24/10/16;1475452800;;6288;Agendado;PREVENTIVA;SP06
24/10/16;1475452800;;6591;Agendado;PREVENTIVA;RJ02
24/10/16;1475539200;;6533;Agendado;AÇÕES DE MELHORIAS;PR01
24/10/16;1475539200;;6542;Agendado;AÇÕES DE MELHORIAS;PR01
24/10/16;1475539200;;6523;Agendado;AÇÕES DE MELHORIAS;PR01
24/10/16;1475539200;;6549;Agendado;AÇÕES DE MELHORIAS;PR01
24/10/16;1475539200;;6541;Agendado;AÇÕES DE MELHORIAS;PR01
24/10/16;1475539200;;6543;Agendado;AÇÕES DE MELHORIAS;PR01
24/10/16;1475539200;;6316;Agendado;PREVENTIVA;SP05
24/10/16;1475539200;;6338;Agendado;PREVENTIVA;SP05
24/10/16;1475625600;;6391;Agendado;PREVENTIVA;SP04
24/10/16;1475712000;;6532;Agendado;AÇÕES DE MELHORIAS;PR01
24/10/16;1475712000;;6532;Agendado;AÇÕES DE MELHORIAS;PR01
24/10/16;1475712000;;6209;Agendado;PREVENTIVA;SP06
24/10/16;1475712000;;6532;Agendado;PREVENTIVA;PR01
24/10/16;1475712000;;6594;Agendado;PREVENTIVA;SP05
24/10/16;1475798400;;6550;Agendado;AÇÕES DE MELHORIAS;PR01
24/10/16;1475798400;;6550;Agendado;AÇÕES DE MELHORIAS;PR01
24/10/16;1475798400;;6550;Agendado;PREVENTIVA;PR01
24/10/16;1476057600;;6567;Agendado;AÇÕES DE MELHORIAS;PR01
24/10/16;1476057600;;6567;Agendado;AÇÕES DE MELHORIAS;PR01
24/10/16;1476057600;;6356;Agendado;PREVENTIVA;SP06
24/10/16;1476057600;;6072;Agendado;PREVENTIVA;SP02
24/10/16;1476057600;;6310;Agendado;PREVENTIVA;SP06
24/10/16;1476057600;;6404;Agendado;PREVENTIVA;SP05
24/10/16;1476057600;;6406;Agendado;PREVENTIVA;SP05
24/10/16;1476057600;;6567;Agendado;PREVENTIVA;PR01
24/10/16;1476057600;;6622;Agendado;PREVENTIVA;RJ02
24/10/16;1476144000;;6507;Agendado;AÇÕES DE MELHORIAS;PR01
24/10/16;1476144000;;6507;Agendado;AÇÕES DE MELHORIAS;PR01
24/10/16;1476144000;;6307;Agendado;PREVENTIVA;SP06
24/10/16;1476144000;;6480;Agendado;PREVENTIVA;RJ01
24/10/16;1476230400;;6010;Agendado;AÇÕES DE MELHORIAS;SP02
24/10/16;1476230400;;6010;Agendado;ASBUILT;SP02
24/10/16;1476230400;;6091;Agendado;ASBUILT;SP03
24/10/16;1476230400;;6189;Agendado;ASBUILT;SP02
24/10/16;1476230400;;6010;Agendado;PREVENTIVA;SP02
24/10/16;1476230400;;6091;Agendado;PREVENTIVA;SP03
24/10/16;1476230400;;6189;Agendado;PREVENTIVA;SP02
24/10/16;1476230400;;6010;Agendado;SINALIZAÇÃO;SP02
24/10/16;1476230400;;6091;Agendado;SINALIZAÇÃO;SP03
24/10/16;1476230400;;6189;Agendado;SINALIZAÇÃO;SP02
24/10/16;1476316800;;6079;Agendado;AÇÕES DE MELHORIAS;SP02
24/10/16;1476316800;;6173;Agendado;AÇÕES DE MELHORIAS;SP06
24/10/16;1476316800;;6539;Agendado;AÇÕES DE MELHORIAS;PR01
24/10/16;1476316800;;6566;Agendado;AÇÕES DE MELHORIAS;PR01
24/10/16;1476316800;;6566;Agendado;AÇÕES DE MELHORIAS;PR01
24/10/16;1476316800;;6173;Agendado;PREDITIVA;SP06
24/10/16;1476316800;;6079;Agendado;PREVENTIVA;SP02
24/10/16;1476316800;;6173;Agendado;PREVENTIVA;SP06
24/10/16;1476316800;;6566;Agendado;PREVENTIVA;PR01
24/10/16;1476662400;;6393;Agendado;AÇÕES DE MELHORIAS;SP07
24/10/16;1476662400;;6570;Agendado;AÇÕES DE MELHORIAS;PR01
24/10/16;1476662400;;6570;Agendado;AÇÕES DE MELHORIAS;PR01
24/10/16;1476662400;;6011;Agendado;PREVENTIVA;SP01
24/10/16;1476662400;;6100;Agendado;PREVENTIVA;SP01
24/10/16;1476662400;;6294;Agendado;PREVENTIVA;SP04
24/10/16;1476662400;;6393;Agendado;PREVENTIVA;SP07
24/10/16;1476662400;;6293;Agendado;PREVENTIVA;SP04
24/10/16;1476662400;;6379;Agendado;PREVENTIVA;SP04
24/10/16;1476662400;;6398;Agendado;PREVENTIVA;SP05
24/10/16;1476662400;;6402;Agendado;PREVENTIVA;SP05
24/10/16;1476662400;;6570;Agendado;PREVENTIVA;PR01
24/10/16;1476662400;;6581;Agendado;PREVENTIVA;RJ01
24/10/16;1476748800;;6223;Agendado;AÇÕES DE MELHORIAS;SP03
24/10/16;1476748800;;6562;Agendado;AÇÕES DE MELHORIAS;PR01
24/10/16;1476748800;;6563;Agendado;AÇÕES DE MELHORIAS;PR01
24/10/16;1476748800;;6562;Agendado;AÇÕES DE MELHORIAS;PR01
24/10/16;1476748800;;6563;Agendado;AÇÕES DE MELHORIAS;PR01
24/10/16;1476748800;;6268;Agendado;ASBUILT;SP02
24/10/16;1476748800;;6223;Agendado;PREVENTIVA;SP03
24/10/16;1476748800;;6512;Agendado;PREVENTIVA;SP03
24/10/16;1476748800;;6268;Agendado;PREVENTIVA;SP02
24/10/16;1476748800;;6407;Agendado;PREVENTIVA;SP05
24/10/16;1476748800;;6562;Agendado;PREVENTIVA;PR01
24/10/16;1476748800;;6563;Agendado;PREVENTIVA;PR01
24/10/16;1476835200;;6024;Agendado;AÇÕES DE MELHORIAS;SP01
24/10/16;1476835200;;6224;Agendado;PREDITIVA;SP01
24/10/16;1476835200;;6024;Agendado;PREVENTIVA;SP01
24/10/16;1476835200;;6220;Agendado;PREVENTIVA;SP04
24/10/16;1476835200;;6224;Agendado;PREVENTIVA;SP01
24/10/16;1476835200;;6330;Agendado;PREVENTIVA;SP06
24/10/16;1476835200;;6575;Agendado;PREVENTIVA;RJ01
24/10/16;1476921600;;6040;Agendado;ASBUILT;SP01
24/10/16;1476921600;;6040;Agendado;PREDITIVA;SP01
24/10/16;1476921600;;6040;Agendado;PREVENTIVA;SP01
24/10/16;1476921600;;6199;Agendado;PREVENTIVA;SP06
24/10/16;1476921600;;6628;Agendado;PREVENTIVA;SP06
24/10/16;1476921600;;6499;Agendado;PREVENTIVA;RJ01
24/10/16;1476921600;;6525;Agendado;PREVENTIVA;RJ02
24/10/16;1476921600;;6321;Agendado;PREVENTIVA;SP05
24/10/16;1477008000;;6476;Agendado;PREVENTIVA;RJ01
24/10/16;1477008000;;6210;Agendado;PREVENTIVA;SP06
24/10/16;1477008000;;6401;Agendado;PREVENTIVA;SP05
24/10/16;1477094400;;6536;Agendado;AÇÕES DE MELHORIAS;PR01
24/10/16;1477094400;;6553;Agendado;PREVENTIVA;RJ02
24/10/16;1477094400;;6536;Agendado;PREVENTIVA;PR01
24/10/16;1477267200;;6038;Agendado;ASBUILT;SP01
24/10/16;1477267200;;6056;Agendado;ASBUILT;SP01
24/10/16;1477267200;;6436;Agendado;ASBUILT;RJ02
24/10/16;1477267200;;6356;Agendado;ASBUILT;SP06
24/10/16;1477267200;;6238;Agendado;ASBUILT;SP02
24/10/16;1477267200;;6246;Agendado;ASBUILT;SP01
24/10/16;1477267200;;6473;Agendado;ASBUILT;RJ01
24/10/16;1477267200;;6355;Agendado;ASBUILT;SP02
24/10/16;1477267200;;6038;Agendado;PREVENTIVA;SP01
24/10/16;1477267200;;6056;Agendado;PREVENTIVA;SP01
24/10/16;1477267200;;6238;Agendado;PREVENTIVA;SP02
24/10/16;1477267200;;6246;Agendado;PREVENTIVA;SP01
24/10/16;1477267200;;6473;Agendado;PREVENTIVA;RJ01
24/10/16;1477267200;;6510;Agendado;PREVENTIVA;SP05
24/10/16;1477267200;;6308;Agendado;PREVENTIVA;SP06
24/10/16;1477267200;;6355;Agendado;PREVENTIVA;SP02
24/10/16;1477267200;;6437;Agendado;PREVENTIVA;RJ02
24/10/16;1477267200;;6564;Agendado;PREVENTIVA;PR01
24/10/16;1477267200;;6437;Agendado;SINALIZAÇÃO;RJ02
24/10/16;1477267200;;6238;Agendado;RETIRADA ANTENA 5.8;SOR01
24/10/16;1477353600;;6117;Agendado;AÇÕES DE MELHORIAS;SP01
24/10/16;1477353600;;6001;Agendado;ASBUILT;SP01
24/10/16;1477353600;;6043;Agendado;ASBUILT;SP01
24/10/16;1477353600;;6116;Agendado;ASBUILT;SP01
24/10/16;1477353600;;6175;Agendado;ASBUILT;SP06
24/10/16;1477353600;;6474;Agendado;ASBUILT;RJ01
24/10/16;1477353600;;6509;Agendado;ASBUILT;SP05
24/10/16;1477353600;;6466;Agendado;ASBUILT;SP05
24/10/16;1477353600;;6505;Agendado;ASBUILT;RJ02
24/10/16;1477353600;;6001;Agendado;PREVENTIVA;SP01
24/10/16;1477353600;;6043;Agendado;PREVENTIVA;SP01
24/10/16;1477353600;;6116;Agendado;PREVENTIVA;SP01
24/10/16;1477353600;;6117;Agendado;PREVENTIVA;SP01
24/10/16;1477353600;;6175;Agendado;PREVENTIVA;SP06
24/10/16;1477353600;;6474;Agendado;PREVENTIVA;RJ01
24/10/16;1477353600;;6509;Agendado;PREVENTIVA;SP05
24/10/16;1477353600;;6505;Agendado;PREVENTIVA;RJ02
24/10/16;1477353600;;6523;Agendado;PREVENTIVA;PR01
24/10/16;1477353600;;6549;Agendado;PREVENTIVA;PR01
24/10/16;1477353600;;6142;Agendado;RETIRADA ANTENA 5.8;SOR01
24/10/16;1477353600;;6501;Agendado;RETIRADA ANTENA 5.8;SOR01
24/10/16;1477353600;;6234;Agendado;RETIRADA ANTENA 5.8;SOR01
24/10/16;1477440000;;6006;Agendado;ASBUILT;SP02
24/10/16;1477440000;;6286;Agendado;ASBUILT;SP07
24/10/16;1477440000;;6654;Agendado;ASBUILT;SP02
24/10/16;1477440000;;6450;Agendado;ASBUILT;RJ01
24/10/16;1477440000;;6211;Agendado;ASBUILT;SP06
24/10/16;1477440000;;6453;Agendado;ASBUILT;RJ02
24/10/16;1477440000;;6006;Agendado;PREVENTIVA;SP02
24/10/16;1477440000;;6286;Agendado;PREVENTIVA;SP07
24/10/16;1477440000;;6654;Agendado;PREVENTIVA;SP02
24/10/16;1477440000;;6211;Agendado;PREVENTIVA;SP06
24/10/16;1477440000;;6366;Agendado;PREVENTIVA;SP06
24/10/16;1477440000;;6531;Agendado;PREVENTIVA;SP05
24/10/16;1477440000;;6453;Agendado;PREVENTIVA;RJ02
24/10/16;1477440000;;6411;Agendado;PREVENTIVA;SP05
24/10/16;1477440000;;6458;Agendado;PREVENTIVA;RJ01
24/10/16;1477440000;;6541;Agendado;PREVENTIVA;PR01
24/10/16;1477440000;;6543;Agendado;PREVENTIVA;PR01
24/10/16;1477440000;;6453;Agendado;SINALIZAÇÃO;RJ02
24/10/16;1477440000;;6020;Agendado;RETIRADA ANTENA 5.8;SOR01
24/10/16;1477440000;;6011;Agendado;RETIRADA ANTENA 5.8;SOR01
24/10/16;1477526400;;6007;Agendado;ASBUILT;SP02
24/10/16;1477526400;;6534;Agendado;ASBUILT;SP02
24/10/16;1477526400;;6137;Agendado;ASBUILT;SP01
24/10/16;1477526400;;6170;Agendado;ASBUILT;SP06
24/10/16;1477526400;;6492;Agendado;ASBUILT;SP07
24/10/16;1477526400;;6200;Agendado;ASBUILT;SP06
24/10/16;1477526400;;6007;Agendado;PREVENTIVA;SP02
24/10/16;1477526400;;6534;Agendado;PREVENTIVA;SP02
24/10/16;1477526400;;6137;Agendado;PREVENTIVA;SP01
24/10/16;1477526400;;6170;Agendado;PREVENTIVA;SP06
24/10/16;1477526400;;6492;Agendado;PREVENTIVA;SP07
24/10/16;1477526400;;6481;Agendado;PREVENTIVA;RJ01
24/10/16;1477526400;;6200;Agendado;PREVENTIVA;SP06
24/10/16;1477526400;;6507;Agendado;PREVENTIVA;PR01
24/10/16;1477526400;;6537;Agendado;PREVENTIVA;RJ02
24/10/16;1477526400;;6137;Agendado;RETIRADA ANTENA 5.8;SOR01
24/10/16;1477526400;;6029;Agendado;RETIRADA ANTENA 5.8;SOR01
24/10/16;1477612800;;6013;Agendado;ASBUILT;SP02
24/10/16;1477612800;;6019;Agendado;ASBUILT;SP03
24/10/16;1477612800;;6198;Agendado;ASBUILT;SP02
24/10/16;1477612800;;6345;Agendado;ASBUILT;SP07
24/10/16;1477612800;;6397;Agendado;ASBUILT;SP05
24/10/16;1477612800;;6174;Agendado;ASBUILT;SP06
24/10/16;1477612800;;6227;Agendado;ASBUILT;SP06
24/10/16;1477612800;;6013;Agendado;PREVENTIVA;SP02
24/10/16;1477612800;;6019;Agendado;PREVENTIVA;SP03
24/10/16;1477612800;;6198;Agendado;PREVENTIVA;SP02
24/10/16;1477612800;;6345;Agendado;PREVENTIVA;SP07
24/10/16;1477612800;;6397;Agendado;PREVENTIVA;SP05
24/10/16;1477612800;;6174;Agendado;PREVENTIVA;SP06
24/10/16;1477612800;;6227;Agendado;PREVENTIVA;SP06
24/10/16;1477612800;;6448;Agendado;PREVENTIVA;RJ01
24/10/16;1477612800;;6463;Agendado;PREVENTIVA;RJ02
24/10/16;1477612800;;6658;Agendado;RETIRADA ANTENA 5.8;SOR01
24/10/16;1477699200;;6612;Agendado;AÇÕES DE MELHORIAS;RJ02
24/10/16;1477699200;;6014;Agendado;ASBUILT;SP01
24/10/16;1477699200;;6130;Agendado;ASBUILT;SP01
24/10/16;1477699200;;6171;Agendado;ASBUILT;SP06
24/10/16;1477699200;;6610;Agendado;ASBUILT;RJ01
24/10/16;1477699200;;6014;Agendado;PREVENTIVA;SP01
24/10/16;1477699200;;6123;Agendado;PREVENTIVA;SP03
24/10/16;1477699200;;6130;Agendado;PREVENTIVA;SP01
24/10/16;1477699200;;6171;Agendado;PREVENTIVA;SP06
24/10/16;1477699200;;6610;Agendado;PREVENTIVA;RJ01
24/10/16;1477699200;;6612;Agendado;PREVENTIVA;RJ02
24/10/16;1477699200;;6612;Agendado;SINALIZAÇÃO;RJ02
24/10/16;1477872000;;6025;Agendado;ASBUILT;SP01
24/10/16;1477872000;;6041;Agendado;ASBUILT;SP01
24/10/16;1477872000;;6167;Agendado;ASBUILT;SP01
24/10/16;1477872000;;6203;Agendado;ASBUILT;SP02
24/10/16;1477872000;;6299;Agendado;ASBUILT;SP01
24/10/16;1477872000;;6600;Agendado;ASBUILT;RJ01
24/10/16;1477872000;;6602;Agendado;ASBUILT;RJ02
24/10/16;1477872000;;6203;Agendado;PREDITIVA;SP02
24/10/16;1477872000;;6041;Agendado;PREVENTIVA;SP01
24/10/16;1477872000;;6167;Agendado;PREVENTIVA;SP01
24/10/16;1477872000;;6203;Agendado;PREVENTIVA;SP02
24/10/16;1477872000;;6299;Agendado;PREVENTIVA;SP01
24/10/16;1477872000;;6600;Agendado;PREVENTIVA;RJ01
24/10/16;1477872000;;6602;Agendado;PREVENTIVA;RJ02
24/10/16;1477872000;;6025;Agendado;SINALIZAÇÃO;SP01
24/10/16;1477872000;;6209;Agendado;SINALIZAÇÃO;SP06
24/10/16;1477872000;;6041;Agendado;SINALIZAÇÃO;SP01
24/10/16;1477872000;;6167;Agendado;SINALIZAÇÃO;SP01
24/10/16;1477872000;;6203;Agendado;SINALIZAÇÃO;SP02
24/10/16;1477872000;;6299;Agendado;SINALIZAÇÃO;SP01
24/10/16;1477872000;;6173;Agendado;SINALIZAÇÃO;SP06
24/10/16;1477872000;;6492;Agendado;SINALIZAÇÃO;SP07
24/10/16;1477872000;;6471;Agendado;SINALIZAÇÃO;SP05
24/10/16;1477872000;;6030;Agendado;RETIRADA ANTENA 5.8;SOR01
24/10/16;1477958400;;6002;Agendado;ASBUILT;SP01
24/10/16;1477958400;;6044;Agendado;ASBUILT;SP02
24/10/16;1477958400;;6053;Agendado;ASBUILT;SP01
24/10/16;1477958400;;6085;Agendado;ASBUILT;SP01
24/10/16;1477958400;;6150;Agendado;ASBUILT;SP06
24/10/16;1477958400;;6342;Agendado;ASBUILT;SP07
24/10/16;1477958400;;6627;Agendado;ASBUILT;SP06
24/10/16;1477958400;;6461;Agendado;ASBUILT;RJ01
24/10/16;1477958400;;6044;Agendado;PREDITIVA;SP02
24/10/16;1477958400;;6002;Agendado;PREVENTIVA;SP01
24/10/16;1477958400;;6044;Agendado;PREVENTIVA;SP02
24/10/16;1477958400;;6053;Agendado;PREVENTIVA;SP01
24/10/16;1477958400;;6085;Agendado;PREVENTIVA;SP01
24/10/16;1477958400;;6150;Agendado;PREVENTIVA;SP06
24/10/16;1477958400;;6155;Agendado;PREVENTIVA;SP01
24/10/16;1477958400;;6342;Agendado;PREVENTIVA;SP07
24/10/16;1477958400;;6396;Agendado;PREVENTIVA;SP05
24/10/16;1477958400;;6627;Agendado;PREVENTIVA;SP06
24/10/16;1477958400;;6461;Agendado;PREVENTIVA;RJ01
24/10/16;1477958400;;6002;Agendado;SINALIZAÇÃO;SP01
24/10/16;1477958400;;6044;Agendado;SINALIZAÇÃO;SP02
24/10/16;1477958400;;6053;Agendado;SINALIZAÇÃO;SP01
24/10/16;1477958400;;6085;Agendado;SINALIZAÇÃO;SP01
24/10/16;1477958400;;6150;Agendado;SINALIZAÇÃO;SP06
24/10/16;1477958400;;6155;Agendado;SINALIZAÇÃO;SP01
24/10/16;1477958400;;6342;Agendado;SINALIZAÇÃO;SP07
24/10/16;1477958400;;6627;Agendado;SINALIZAÇÃO;SP06
24/10/16;1477958400;;6622;Agendado;SINALIZAÇÃO;RJ02
24/10/16;1478131200;;6289;Agendado;AÇÕES DE MELHORIAS;SP02
24/10/16;1478131200;;6551;Agendado;AÇÕES DE MELHORIAS;PR01
24/10/16;1478131200;;6015;Agendado;ASBUILT;SP03
24/10/16;1478131200;;6017;Agendado;ASBUILT;SP02
24/10/16;1478131200;;6030;Agendado;ASBUILT;SP02
24/10/16;1478131200;;6018;Agendado;ASBUILT;SP01
24/10/16;1478131200;;6058;Agendado;ASBUILT;SP01
24/10/16;1478131200;;6289;Agendado;ASBUILT;SP02
24/10/16;1478131200;;6362;Agendado;ASBUILT;SP06
24/10/16;1478131200;;6216;Agendado;ASBUILT;SP06
24/10/16;1478131200;;6291;Agendado;ASBUILT;SP06
24/10/16;1478131200;;6568;Agendado;ASBUILT;RJ01
24/10/16;1478131200;;6577;Agendado;ASBUILT;RJ02
24/10/16;1478131200;;6030;Agendado;PREDITIVA;SP02
24/10/16;1478131200;;6015;Agendado;PREVENTIVA;SP03
24/10/16;1478131200;;6017;Agendado;PREVENTIVA;SP02
24/10/16;1478131200;;6030;Agendado;PREVENTIVA;SP02
24/10/16;1478131200;;6018;Agendado;PREVENTIVA;SP01
24/10/16;1478131200;;6058;Agendado;PREVENTIVA;SP01
24/10/16;1478131200;;6289;Agendado;PREVENTIVA;SP02
24/10/16;1478131200;;6362;Agendado;PREVENTIVA;SP06
24/10/16;1478131200;;6551;Agendado;PREVENTIVA;PR01
24/10/16;1478131200;;6552;Agendado;PREVENTIVA;PR01
24/10/16;1478131200;;6568;Agendado;PREVENTIVA;RJ01
24/10/16;1478131200;;6577;Agendado;PREVENTIVA;RJ02
24/10/16;1478131200;;6015;Agendado;SINALIZAÇÃO;SP03
24/10/16;1478131200;;6017;Agendado;SINALIZAÇÃO;SP02
24/10/16;1478131200;;6030;Agendado;SINALIZAÇÃO;SP02
24/10/16;1478131200;;6018;Agendado;SINALIZAÇÃO;SP01
24/10/16;1478131200;;6058;Agendado;SINALIZAÇÃO;SP01
24/10/16;1478131200;;6289;Agendado;SINALIZAÇÃO;SP02
24/10/16;1478131200;;6362;Agendado;SINALIZAÇÃO;SP06
24/10/16;1478131200;;6138;Agendado;RETIRADA ANTENA 5.8;SP02
24/10/16;1478217600;;6113;Agendado;AÇÕES DE MELHORIAS;SP01
24/10/16;1478217600;;6235;Agendado;AÇÕES DE MELHORIAS;SP01
24/10/16;1478217600;;6138;Agendado;ASBUILT;SP03
24/10/16;1478217600;;6113;Agendado;ASBUILT;SP01
24/10/16;1478217600;;6140;Agendado;ASBUILT;SP04
24/10/16;1478217600;;6161;Agendado;ASBUILT;SP01
24/10/16;1478217600;;6196;Agendado;ASBUILT;SP01
24/10/16;1478217600;;6235;Agendado;ASBUILT;SP01
24/10/16;1478217600;;6486;Agendado;ASBUILT;SP04
24/10/16;1478217600;;6252;Agendado;ASBUILT;SP06
24/10/16;1478217600;;6273;Agendado;ASBUILT;SP06
24/10/16;1478217600;;6623;Agendado;ASBUILT;RJ02
24/10/16;1478217600;;6138;Agendado;PREDITIVA;SP03
24/10/16;1478217600;;6138;Agendado;PREVENTIVA;SP03
24/10/16;1478217600;;6113;Agendado;PREVENTIVA;SP01
24/10/16;1478217600;;6140;Agendado;PREVENTIVA;SP04
24/10/16;1478217600;;6161;Agendado;PREVENTIVA;SP01
24/10/16;1478217600;;6196;Agendado;PREVENTIVA;SP01
24/10/16;1478217600;;6235;Agendado;PREVENTIVA;SP01
24/10/16;1478217600;;6486;Agendado;PREVENTIVA;SP04
24/10/16;1478217600;;6252;Agendado;PREVENTIVA;SP06
24/10/16;1478217600;;6273;Agendado;PREVENTIVA;SP06
24/10/16;1478217600;;6576;Agendado;PREVENTIVA;RJ01
24/10/16;1478217600;;6623;Agendado;PREVENTIVA;RJ02
24/10/16;1478217600;;6113;Agendado;SINALIZAÇÃO;SP01
24/10/16;1478217600;;6140;Agendado;SINALIZAÇÃO;SP04
24/10/16;1478217600;;6161;Agendado;SINALIZAÇÃO;SP01
24/10/16;1478217600;;6196;Agendado;SINALIZAÇÃO;SP01
24/10/16;1478217600;;6235;Agendado;SINALIZAÇÃO;SP01
24/10/16;1478217600;;6486;Agendado;SINALIZAÇÃO;SP04
24/10/16;1478304000;;6282;Agendado;ASBUILT;SP04
24/10/16;1478304000;;6049;Agendado;ASBUILT;SP01
24/10/16;1478304000;;6106;Agendado;ASBUILT;SP01
24/10/16;1478304000;;6295;Agendado;ASBUILT;SP06
24/10/16;1478304000;;6442;Agendado;ASBUILT;RJ01
24/10/16;1478304000;;6282;Agendado;PREVENTIVA;SP04
24/10/16;1478304000;;6049;Agendado;PREVENTIVA;SP01
24/10/16;1478304000;;6106;Agendado;PREVENTIVA;SP01
24/10/16;1478304000;;6295;Agendado;PREVENTIVA;SP06
24/10/16;1478304000;;6442;Agendado;PREVENTIVA;RJ01
24/10/16;1478304000;;6596;Agendado;PREVENTIVA;RJ02
24/10/16;1478304000;;6048;Agendado;SINALIZAÇÃO;SP02
24/10/16;1478304000;;6282;Agendado;SINALIZAÇÃO;SP04
24/10/16;1478304000;;6470;Agendado;SINALIZAÇÃO;SP05
24/10/16;1478304000;;6049;Agendado;SINALIZAÇÃO;SP01
24/10/16;1478304000;;6106;Agendado;SINALIZAÇÃO;SP01
24/10/16;1478304000;;6578;Agendado;SINALIZAÇÃO;SP05
24/10/16;1478476800;;6417;Agendado;ASBUILT;SP03
24/10/16;1478476800;;6037;Agendado;ASBUILT;SP01
24/10/16;1478476800;;6359;Agendado;ASBUILT;SP06
24/10/16;1478476800;;6320;Agendado;ASBUILT;SP05
24/10/16;1478476800;;6005;Agendado;ASBUILT;SP02
24/10/16;1478476800;;6016;Agendado;ASBUILT;SP02
24/10/16;1478476800;;6099;Agendado;ASBUILT;SP01
24/10/16;1478476800;;6134;Agendado;ASBUILT;SP01
24/10/16;1478476800;;6346;Agendado;ASBUILT;SP02
24/10/16;1478476800;;6521;Agendado;ASBUILT;SP02
24/10/16;1478476800;;6305;Agendado;ASBUILT;SP02
24/10/16;1478476800;;6269;Agendado;ASBUILT;SP02
24/10/16;1478476800;;6432;Agendado;ASBUILT;RJ01
24/10/16;1478476800;;6603;Agendado;ASBUILT;RJ02
24/10/16;1478476800;;6417;Agendado;PREDITIVA;SP03
24/10/16;1478476800;;6417;Agendado;PREVENTIVA;SP03
24/10/16;1478476800;;6005;Agendado;PREVENTIVA;SP02
24/10/16;1478476800;;6016;Agendado;PREVENTIVA;SP02
24/10/16;1478476800;;6099;Agendado;PREVENTIVA;SP01
24/10/16;1478476800;;6134;Agendado;PREVENTIVA;SP01
24/10/16;1478476800;;6292;Agendado;PREVENTIVA;SP06
24/10/16;1478476800;;6346;Agendado;PREVENTIVA;SP02
24/10/16;1478476800;;6521;Agendado;PREVENTIVA;SP02
24/10/16;1478476800;;6305;Agendado;PREVENTIVA;SP02
24/10/16;1478476800;;6269;Agendado;PREVENTIVA;SP02
24/10/16;1478476800;;6432;Agendado;PREVENTIVA;RJ01
24/10/16;1478476800;;6603;Agendado;PREVENTIVA;RJ02
24/10/16;1478476800;;6037;Agendado;SINALIZAÇÃO;SP01
24/10/16;1478476800;;6314;Agendado;SINALIZAÇÃO;SP05
24/10/16;1478476800;;6005;Agendado;SINALIZAÇÃO;SP02
24/10/16;1478476800;;6016;Agendado;SINALIZAÇÃO;SP02
24/10/16;1478476800;;6099;Agendado;SINALIZAÇÃO;SP01
24/10/16;1478476800;;6134;Agendado;SINALIZAÇÃO;SP01
24/10/16;1478476800;;6292;Agendado;SINALIZAÇÃO;SP06
24/10/16;1478476800;;6346;Agendado;SINALIZAÇÃO;SP02
24/10/16;1478476800;;6521;Agendado;SINALIZAÇÃO;SP02
24/10/16;1478476800;;6305;Agendado;SINALIZAÇÃO;SP02
24/10/16;1478476800;;6269;Agendado;SINALIZAÇÃO;SP02
24/10/16;1478476800;;6567;Agendado;RETIRADA ANTENA 5.8;PR01
24/10/16;1478476800;;6041;Agendado;RETIRADA ANTENA 5.8;SP01
24/10/16;1478476800;;6461;Agendado;RETIRADA ANTENA 5.8;RJ01
24/10/16;1478476800;;6130;Agendado;RETIRADA ANTENA 5.8;SOR01
24/10/16;1478476800;;6352;Agendado;RETIRADA ANTENA 5.8;SP05
24/10/16;1478476800;;6171;Agendado;RETIRADA ANTENA 5.8;SP06
24/10/16;1478563200;;6323;Agendado;ASBUILT;SP04
24/10/16;1478563200;;6033;Agendado;ASBUILT;SP02
24/10/16;1478563200;;6050;Agendado;ASBUILT;SP02
24/10/16;1478563200;;6168;Agendado;ASBUILT;SP02
24/10/16;1478563200;;6169;Agendado;ASBUILT;SP02
24/10/16;1478563200;;6180;Agendado;ASBUILT;SP06
24/10/16;1478563200;;6315;Agendado;ASBUILT;SP05
24/10/16;1478563200;;6272;Agendado;ASBUILT;SP02
24/10/16;1478563200;;6367;Agendado;ASBUILT;SP01
24/10/16;1478563200;;6250;Agendado;ASBUILT;SP02
24/10/16;1478563200;;6418;Agendado;ASBUILT;SP06
24/10/16;1478563200;;6449;Agendado;ASBUILT;RJ01
24/10/16;1478563200;;6478;Agendado;ASBUILT;RJ02
24/10/16;1478563200;;6323;Agendado;PREDITIVA;SP04
24/10/16;1478563200;;6323;Agendado;PREVENTIVA;SP04
24/10/16;1478563200;;6033;Agendado;PREVENTIVA;SP02
24/10/16;1478563200;;6050;Agendado;PREVENTIVA;SP02
24/10/16;1478563200;;6168;Agendado;PREVENTIVA;SP02
24/10/16;1478563200;;6169;Agendado;PREVENTIVA;SP02
24/10/16;1478563200;;6180;Agendado;PREVENTIVA;SP06
24/10/16;1478563200;;6315;Agendado;PREVENTIVA;SP05
24/10/16;1478563200;;6272;Agendado;PREVENTIVA;SP02
24/10/16;1478563200;;6367;Agendado;PREVENTIVA;SP01
24/10/16;1478563200;;6250;Agendado;PREVENTIVA;SP02
24/10/16;1478563200;;6418;Agendado;PREVENTIVA;SP06
24/10/16;1478563200;;6449;Agendado;PREVENTIVA;RJ01
24/10/16;1478563200;;6478;Agendado;PREVENTIVA;RJ02
24/10/16;1478563200;;6323;Agendado;SINALIZAÇÃO;SP04
24/10/16;1478563200;;6033;Agendado;SINALIZAÇÃO;SP02
24/10/16;1478563200;;6050;Agendado;SINALIZAÇÃO;SP02
24/10/16;1478563200;;6168;Agendado;SINALIZAÇÃO;SP02
24/10/16;1478563200;;6169;Agendado;SINALIZAÇÃO;SP02
24/10/16;1478563200;;6315;Agendado;SINALIZAÇÃO;SP05
24/10/16;1478563200;;6272;Agendado;SINALIZAÇÃO;SP02
24/10/16;1478563200;;6367;Agendado;SINALIZAÇÃO;SP01
24/10/16;1478563200;;6250;Agendado;SINALIZAÇÃO;SP02
24/10/16;1478563200;;6319;Agendado;RETIRADA ANTENA 5.8;SP05
24/10/16;1478649600;;6652;Agendado;AÇÕES DE MELHORIAS;SP02
24/10/16;1478649600;;6076;Agendado;ASBUILT;SP01
24/10/16;1478649600;;6073;Agendado;ASBUILT;SP02
24/10/16;1478649600;;6217;Agendado;ASBUILT;SP02
24/10/16;1478649600;;6264;Agendado;ASBUILT;SP02
24/10/16;1478649600;;6270;Agendado;ASBUILT;SP02
24/10/16;1478649600;;6297;Agendado;ASBUILT;SP02
24/10/16;1478649600;;6300;Agendado;ASBUILT;SP06
24/10/16;1478649600;;6444;Agendado;ASBUILT;RJ02
24/10/16;1478649600;;6479;Agendado;ASBUILT;RJ01
24/10/16;1478649600;;6593;Agendado;ASBUILT;SP07
24/10/16;1478649600;;6652;Agendado;ASBUILT;SP02
24/10/16;1478649600;;6076;Agendado;PREDITIVA;SP01
24/10/16;1478649600;;6076;Agendado;PREVENTIVA;SP01
24/10/16;1478649600;;6073;Agendado;PREVENTIVA;SP02
24/10/16;1478649600;;6193;Agendado;PREVENTIVA;SP06
24/10/16;1478649600;;6217;Agendado;PREVENTIVA;SP02
24/10/16;1478649600;;6264;Agendado;PREVENTIVA;SP02
24/10/16;1478649600;;6270;Agendado;PREVENTIVA;SP02
24/10/16;1478649600;;6297;Agendado;PREVENTIVA;SP02
24/10/16;1478649600;;6319;Agendado;PREVENTIVA;SP05
24/10/16;1478649600;;6352;Agendado;PREVENTIVA;SP05
24/10/16;1478649600;;6300;Agendado;PREVENTIVA;SP06
24/10/16;1478649600;;6444;Agendado;PREVENTIVA;RJ02
24/10/16;1478649600;;6479;Agendado;PREVENTIVA;RJ01
24/10/16;1478649600;;6593;Agendado;PREVENTIVA;SP07
24/10/16;1478649600;;6652;Agendado;PREVENTIVA;SP02
24/10/16;1478649600;;6073;Agendado;SINALIZAÇÃO;SP02
24/10/16;1478649600;;6217;Agendado;SINALIZAÇÃO;SP02
24/10/16;1478649600;;6264;Agendado;SINALIZAÇÃO;SP02
24/10/16;1478649600;;6270;Agendado;SINALIZAÇÃO;SP02
24/10/16;1478649600;;6297;Agendado;SINALIZAÇÃO;SP02
24/10/16;1478649600;;6652;Agendado;SINALIZAÇÃO;SP02
24/10/16;1478649600;;6593;Agendado;RETIRADA ANTENA 5.8;SOR01
24/10/16;1478649600;;6335;Agendado;RETIRADA ANTENA 5.8;SP03
24/10/16;1478649600;;6073;Agendado;RETIRADA ANTENA 5.8;SOR02
24/10/16;1478736000;;6268;Agendado;AÇÕES DE MELHORIAS;SP02
24/10/16;1478736000;;6042;Agendado;ASBUILT;SP04
24/10/16;1478736000;;6095;Agendado;ASBUILT;SP01
24/10/16;1478736000;;6120;Agendado;ASBUILT;SP04
24/10/16;1478736000;;6354;Agendado;ASBUILT;SP01
24/10/16;1478736000;;6455;Agendado;ASBUILT;SP06
24/10/16;1478736000;;6456;Agendado;ASBUILT;SP06
24/10/16;1478736000;;6506;Agendado;ASBUILT;SP03
24/10/16;1478736000;;6435;Agendado;ASBUILT;RJ02
24/10/16;1478736000;;6354;Agendado;PREDITIVA;SP01
24/10/16;1478736000;;6042;Agendado;PREVENTIVA;SP04
24/10/16;1478736000;;6095;Agendado;PREVENTIVA;SP01
24/10/16;1478736000;;6120;Agendado;PREVENTIVA;SP04
24/10/16;1478736000;;6354;Agendado;PREVENTIVA;SP01
24/10/16;1478736000;;6455;Agendado;PREVENTIVA;SP06
24/10/16;1478736000;;6456;Agendado;PREVENTIVA;SP06
24/10/16;1478736000;;6506;Agendado;PREVENTIVA;SP03
24/10/16;1478736000;;6435;Agendado;PREVENTIVA;RJ02
24/10/16;1478736000;;6445;Agendado;PREVENTIVA;RJ01
24/10/16;1478736000;;6512;Agendado;SINALIZAÇÃO;SP03
24/10/16;1478736000;;6042;Agendado;SINALIZAÇÃO;SP04
24/10/16;1478736000;;6095;Agendado;SINALIZAÇÃO;SP01
24/10/16;1478736000;;6120;Agendado;SINALIZAÇÃO;SP04
24/10/16;1478736000;;6354;Agendado;SINALIZAÇÃO;SP01
24/10/16;1478736000;;6506;Agendado;SINALIZAÇÃO;SP03
24/10/16;1478736000;;6268;Agendado;SINALIZAÇÃO;SP02
24/10/16;1478736000;;6355;Agendado;SINALIZAÇÃO;SP02
24/10/16;1478736000;;6399;Agendado;RETIRADA ANTENA 5.8;SP02
24/10/16;1478822400;;6496;Agendado;AÇÕES DE MELHORIAS;SP03
24/10/16;1478822400;;6210;Agendado;AÇÕES DE MELHORIAS;SP06
24/10/16;1478822400;;6104;Agendado;ASBUILT;SP03
24/10/16;1478822400;;6109;Agendado;ASBUILT;SP03
24/10/16;1478822400;;6351;Agendado;ASBUILT;SP01
24/10/16;1478822400;;6399;Agendado;ASBUILT;SP02
24/10/16;1478822400;;6420;Agendado;ASBUILT;SP03
24/10/16;1478822400;;6496;Agendado;ASBUILT;SP03
24/10/16;1478822400;;6303;Agendado;ASBUILT;SP06
24/10/16;1478822400;;6653;Agendado;ASBUILT;SP03
24/10/16;1478822400;;6210;Agendado;ASBUILT;SP06
24/10/16;1478822400;;6447;Agendado;ASBUILT;RJ01
24/10/16;1478822400;;6535;Agendado;ASBUILT;RJ02
24/10/16;1478822400;;6399;Agendado;PREDITIVA;SP02
24/10/16;1478822400;;6104;Agendado;PREVENTIVA;SP03
24/10/16;1478822400;;6109;Agendado;PREVENTIVA;SP03
24/10/16;1478822400;;6351;Agendado;PREVENTIVA;SP01
24/10/16;1478822400;;6399;Agendado;PREVENTIVA;SP02
24/10/16;1478822400;;6420;Agendado;PREVENTIVA;SP03
24/10/16;1478822400;;6496;Agendado;PREVENTIVA;SP03
24/10/16;1478822400;;6303;Agendado;PREVENTIVA;SP06
24/10/16;1478822400;;6347;Agendado;PREVENTIVA;SP04
24/10/16;1478822400;;6447;Agendado;PREVENTIVA;RJ01
24/10/16;1478822400;;6535;Agendado;PREVENTIVA;RJ02
24/10/16;1478822400;;6104;Agendado;SINALIZAÇÃO;SP03
24/10/16;1478822400;;6109;Agendado;SINALIZAÇÃO;SP03
24/10/16;1478822400;;6351;Agendado;SINALIZAÇÃO;SP01
24/10/16;1478822400;;6420;Agendado;SINALIZAÇÃO;SP03
24/10/16;1478822400;;6496;Agendado;SINALIZAÇÃO;SP03
24/10/16;1478822400;;6347;Agendado;SINALIZAÇÃO;SP04
24/10/16;1478822400;;6653;Agendado;SINALIZAÇÃO;SP03
24/10/16;1478908800;;6249;Agendado;AÇÕES DE MELHORIAS;SP03
24/10/16;1478908800;;6336;Agendado;ASBUILT;SP03
24/10/16;1478908800;;6249;Agendado;ASBUILT;SP03
24/10/16;1478908800;;6434;Agendado;ASBUILT;RJ02
24/10/16;1478908800;;6443;Agendado;ASBUILT;RJ01
24/10/16;1478908800;;6336;Agendado;PREVENTIVA;SP03
24/10/16;1478908800;;6491;Agendado;PREVENTIVA;SP06
24/10/16;1478908800;;6249;Agendado;PREVENTIVA;SP03
24/10/16;1478908800;;6434;Agendado;PREVENTIVA;RJ02
24/10/16;1478908800;;6443;Agendado;PREVENTIVA;RJ01
24/10/16;1478908800;;6336;Agendado;SINALIZAÇÃO;SP03
24/10/16;1478908800;;6249;Agendado;SINALIZAÇÃO;SP03
24/10/16;1479081600;;6459;Agendado;AÇÕES DE MELHORIAS;SP01
24/10/16;1479081600;;6403;Agendado;AÇÕES DE MELHORIAS;SP05
24/10/16;1479081600;;6020;Agendado;ASBUILT;SP01
24/10/16;1479081600;;6127;Agendado;ASBUILT;SP01
24/10/16;1479081600;;6163;Agendado;ASBUILT;SP06
24/10/16;1479081600;;6218;Agendado;ASBUILT;SP02
24/10/16;1479081600;;6459;Agendado;ASBUILT;SP01
24/10/16;1479081600;;6503;Agendado;ASBUILT;SP03
24/10/16;1479081600;;6522;Agendado;ASBUILT;SP01
24/10/16;1479081600;;6172;Agendado;ASBUILT;SP04
24/10/16;1479081600;;6226;Agendado;ASBUILT;SP04
24/10/16;1479081600;;6424;Agendado;ASBUILT;SP06
24/10/16;1479081600;;6475;Agendado;ASBUILT;RJ02
24/10/16;1479081600;;6218;Agendado;PREDITIVA;SP02
24/10/16;1479081600;;6020;Agendado;PREVENTIVA;SP01
24/10/16;1479081600;;6127;Agendado;PREVENTIVA;SP01
24/10/16;1479081600;;6163;Agendado;PREVENTIVA;SP06
24/10/16;1479081600;;6218;Agendado;PREVENTIVA;SP02
24/10/16;1479081600;;6459;Agendado;PREVENTIVA;SP01
24/10/16;1479081600;;6503;Agendado;PREVENTIVA;SP03
24/10/16;1479081600;;6522;Agendado;PREVENTIVA;SP01
24/10/16;1479081600;;6172;Agendado;PREVENTIVA;SP04
24/10/16;1479081600;;6403;Agendado;PREVENTIVA;SP05
24/10/16;1479081600;;6226;Agendado;PREVENTIVA;SP04
24/10/16;1479081600;;6424;Agendado;PREVENTIVA;SP06
24/10/16;1479081600;;6475;Agendado;PREVENTIVA;RJ02
24/10/16;1479081600;;6503;Agendado;SINALIZAÇÃO;SP03
24/10/16;1479081600;;6172;Agendado;SINALIZAÇÃO;SP04
24/10/16;1479081600;;6404;Agendado;SINALIZAÇÃO;SP05
24/10/16;1479081600;;6226;Agendado;SINALIZAÇÃO;SP04
24/10/16;1479081600;;6475;Agendado;SINALIZAÇÃO;RJ02
24/10/16;1479168000;;6405;Agendado;ASBUILT;SP05
24/10/16;1479168000;;6405;Agendado;PREVENTIVA;SP05
24/10/16;1479254400;;6008;Agendado;ASBUILT;SP01
24/10/16;1479254400;;6021;Agendado;ASBUILT;SP02
24/10/16;1479254400;;6074;Agendado;ASBUILT;SP01
24/10/16;1479254400;;6075;Agendado;ASBUILT;SP01
24/10/16;1479254400;;6290;Agendado;ASBUILT;SP04
24/10/16;1479254400;;6348;Agendado;ASBUILT;SP03
24/10/16;1479254400;;6364;Agendado;ASBUILT;SP04
24/10/16;1479254400;;6410;Agendado;ASBUILT;SP04
24/10/16;1479254400;;6277;Agendado;ASBUILT;SP06
24/10/16;1479254400;;6360;Agendado;ASBUILT;SP03
24/10/16;1479254400;;6021;Agendado;PREDITIVA;SP02
24/10/16;1479254400;;6008;Agendado;PREVENTIVA;SP01
24/10/16;1479254400;;6021;Agendado;PREVENTIVA;SP02
24/10/16;1479254400;;6074;Agendado;PREVENTIVA;SP01
24/10/16;1479254400;;6075;Agendado;PREVENTIVA;SP01
24/10/16;1479254400;;6290;Agendado;PREVENTIVA;SP04
24/10/16;1479254400;;6348;Agendado;PREVENTIVA;SP03
24/10/16;1479254400;;6364;Agendado;PREVENTIVA;SP04
24/10/16;1479254400;;6410;Agendado;PREVENTIVA;SP04
24/10/16;1479254400;;6215;Agendado;PREVENTIVA;SP06
24/10/16;1479254400;;6277;Agendado;PREVENTIVA;SP06
24/10/16;1479254400;;6360;Agendado;PREVENTIVA;SP03
24/10/16;1479254400;;6580;Agendado;PREVENTIVA;RJ02
24/10/16;1479254400;;6021;Agendado;SINALIZAÇÃO;SP02
24/10/16;1479254400;;6348;Agendado;SINALIZAÇÃO;SP03
24/10/16;1479254400;;6364;Agendado;SINALIZAÇÃO;SP04
24/10/16;1479254400;;6360;Agendado;SINALIZAÇÃO;SP03
24/10/16;1479340800;;6029;Agendado;ASBUILT;SP02
24/10/16;1479340800;;6063;Agendado;ASBUILT;SP04
24/10/16;1479340800;;6082;Agendado;ASBUILT;SP04
24/10/16;1479340800;;6108;Agendado;ASBUILT;SP03
24/10/16;1479340800;;6139;Agendado;ASBUILT;SP04
24/10/16;1479340800;;6222;Agendado;ASBUILT;SP04
24/10/16;1479340800;;6408;Agendado;ASBUILT;SP06
24/10/16;1479340800;;6349;Agendado;ASBUILT;SP04
24/10/16;1479340800;;6029;Agendado;PREDITIVA;SP02
24/10/16;1479340800;;6029;Agendado;PREVENTIVA;SP02
24/10/16;1479340800;;6063;Agendado;PREVENTIVA;SP04
24/10/16;1479340800;;6082;Agendado;PREVENTIVA;SP04
24/10/16;1479340800;;6108;Agendado;PREVENTIVA;SP03
24/10/16;1479340800;;6139;Agendado;PREVENTIVA;SP04
24/10/16;1479340800;;6222;Agendado;PREVENTIVA;SP04
24/10/16;1479340800;;6408;Agendado;PREVENTIVA;SP06
24/10/16;1479340800;;6349;Agendado;PREVENTIVA;SP04
24/10/16;1479340800;;6108;Agendado;SINALIZAÇÃO;SP03
24/10/16;1479340800;;6349;Agendado;SINALIZAÇÃO;SP04
24/10/16;1479427200;;6009;Agendado;ASBUILT;SP01
24/10/16;1479427200;;6036;Agendado;ASBUILT;SP02
24/10/16;1479427200;;6054;Agendado;ASBUILT;SP03
24/10/16;1479427200;;6611;Agendado;ASBUILT;SP03
24/10/16;1479427200;;6087;Agendado;ASBUILT;SP04
24/10/16;1479427200;;6143;Agendado;ASBUILT;SP02
24/10/16;1479427200;;6285;Agendado;ASBUILT;SP04
24/10/16;1479427200;;6392;Agendado;ASBUILT;SP06
24/10/16;1479427200;;6419;Agendado;ASBUILT;SP04
24/10/16;1479427200;;6143;Agendado;PREDITIVA;SP02
24/10/16;1479427200;;6054;Agendado;PREVENTIVA;SP03
24/10/16;1479427200;;6611;Agendado;PREVENTIVA;SP03
24/10/16;1479427200;;6087;Agendado;PREVENTIVA;SP04
24/10/16;1479427200;;6143;Agendado;PREVENTIVA;SP02
24/10/16;1479427200;;6285;Agendado;PREVENTIVA;SP04
24/10/16;1479427200;;6392;Agendado;PREVENTIVA;SP06
24/10/16;1479427200;;6419;Agendado;PREVENTIVA;SP04
24/10/16;1479427200;;6143;Agendado;SINALIZAÇÃO;SP02
24/10/16;1479427200;;6392;Agendado;SINALIZAÇÃO;SP06
24/10/16;1479513600;;6045;Agendado;ASBUILT;SP04
24/10/16;1479513600;;6093;Agendado;ASBUILT;SP04
24/10/16;1479513600;;6121;Agendado;ASBUILT;SP03
24/10/16;1479513600;;6097;Agendado;ASBUILT;SP01
24/10/16;1479513600;;6284;Agendado;ASBUILT;SP04
24/10/16;1479513600;;6045;Agendado;PREVENTIVA;SP04
24/10/16;1479513600;;6093;Agendado;PREVENTIVA;SP04
24/10/16;1479513600;;6121;Agendado;PREVENTIVA;SP03
24/10/16;1479513600;;6097;Agendado;PREVENTIVA;SP01
24/10/16;1479513600;;6284;Agendado;PREVENTIVA;SP04
24/10/16;1479513600;;6195;Agendado;SINALIZAÇÃO;SP06
24/10/16;1479686400;;6088;Agendado;ASBUILT;SP03
24/10/16;1479686400;;6101;Agendado;ASBUILT;SP03
24/10/16;1479686400;;6111;Agendado;ASBUILT;SP03
24/10/16;1479686400;;6119;Agendado;ASBUILT;SP04
24/10/16;1479686400;;6124;Agendado;ASBUILT;SP03
24/10/16;1479686400;;6358;Agendado;ASBUILT;SP04
24/10/16;1479686400;;6365;Agendado;ASBUILT;SP04
24/10/16;1479686400;;6504;Agendado;ASBUILT;SP03
24/10/16;1479686400;;6088;Agendado;PREDITIVA;SP03
24/10/16;1479686400;;6088;Agendado;PREVENTIVA;SP03
24/10/16;1479686400;;6101;Agendado;PREVENTIVA;SP03
24/10/16;1479686400;;6111;Agendado;PREVENTIVA;SP03
24/10/16;1479686400;;6119;Agendado;PREVENTIVA;SP04
24/10/16;1479686400;;6124;Agendado;PREVENTIVA;SP03
24/10/16;1479686400;;6358;Agendado;PREVENTIVA;SP04
24/10/16;1479686400;;6365;Agendado;PREVENTIVA;SP04
24/10/16;1479686400;;6504;Agendado;PREVENTIVA;SP03
24/10/16;1479686400;;6313;Agendado;PREVENTIVA;SP06
24/10/16;1479686400;;6353;Agendado;PREVENTIVA;SP06
24/10/16;1479686400;;6356;Agendado;SINALIZAÇÃO;SP06
24/10/16;1479772800;;6326;Agendado;AÇÕES DE MELHORIAS;SP02
24/10/16;1479772800;;6027;Agendado;ASBUILT;SP01
24/10/16;1479772800;;6103;Agendado;ASBUILT;SP03
24/10/16;1479772800;;6240;Agendado;ASBUILT;SP03
24/10/16;1479772800;;6244;Agendado;ASBUILT;SP01
24/10/16;1479772800;;6311;Agendado;ASBUILT;SP06
24/10/16;1479772800;;6326;Agendado;ASBUILT;SP02
24/10/16;1479772800;;6326;Agendado;PREDITIVA;SP02
24/10/16;1479772800;;6027;Agendado;PREVENTIVA;SP01
24/10/16;1479772800;;6080;Agendado;PREVENTIVA;SP02
24/10/16;1479772800;;6103;Agendado;PREVENTIVA;SP03
24/10/16;1479772800;;6107;Agendado;PREVENTIVA;SP02
24/10/16;1479772800;;6110;Agendado;PREVENTIVA;SP03
24/10/16;1479772800;;6240;Agendado;PREVENTIVA;SP03
24/10/16;1479772800;;6244;Agendado;PREVENTIVA;SP01
24/10/16;1479772800;;6311;Agendado;PREVENTIVA;SP06
24/10/16;1479772800;;6326;Agendado;PREVENTIVA;SP02
24/10/16;1479772800;;6343;Agendado;PREVENTIVA;SP06
24/10/16;1479772800;;6326;Agendado;SINALIZAÇÃO;SP02
24/10/16;1479859200;;6159;Agendado;AÇÕES DE MELHORIAS;SP01
24/10/16;1479859200;;6159;Agendado;ASBUILT;SP01
24/10/16;1479859200;;6160;Agendado;ASBUILT;SP01
24/10/16;1479859200;;6383;Agendado;ASBUILT;SP04
24/10/16;1479859200;;6514;Agendado;ASBUILT;SP04
24/10/16;1479859200;;6620;Agendado;ASBUILT;SP03
24/10/16;1479859200;;6307;Agendado;ASBUILT;SP06
24/10/16;1479859200;;6062;Agendado;ASBUILT;SP02
24/10/16;1479859200;;6331;Agendado;ASBUILT;SP06
24/10/16;1479859200;;6062;Agendado;PREDITIVA;SP02
24/10/16;1479859200;;6078;Agendado;PREVENTIVA;SP03
24/10/16;1479859200;;6154;Agendado;PREVENTIVA;SP01
24/10/16;1479859200;;6159;Agendado;PREVENTIVA;SP01
24/10/16;1479859200;;6160;Agendado;PREVENTIVA;SP01
24/10/16;1479859200;;6383;Agendado;PREVENTIVA;SP04
24/10/16;1479859200;;6514;Agendado;PREVENTIVA;SP04
24/10/16;1479859200;;6620;Agendado;PREVENTIVA;SP03
24/10/16;1479859200;;6062;Agendado;PREVENTIVA;SP02
24/10/16;1479859200;;6331;Agendado;PREVENTIVA;SP06
24/10/16;1479945600;;6204;Agendado;AÇÕES DE MELHORIAS;SP01
24/10/16;1479945600;;6071;Agendado;ASBUILT;SP03
24/10/16;1479945600;;6086;Agendado;ASBUILT;SP03
24/10/16;1479945600;;6135;Agendado;ASBUILT;SP02
24/10/16;1479945600;;6204;Agendado;ASBUILT;SP01
24/10/16;1479945600;;6261;Agendado;ASBUILT;SP01
24/10/16;1479945600;;6302;Agendado;ASBUILT;SP01
24/10/16;1479945600;;6324;Agendado;ASBUILT;SP01
24/10/16;1479945600;;6363;Agendado;ASBUILT;SP06
24/10/16;1479945600;;6625;Agendado;ASBUILT;SP02
24/10/16;1479945600;;6625;Agendado;PREDITIVA;SP02
24/10/16;1479945600;;6071;Agendado;PREVENTIVA;SP03
24/10/16;1479945600;;6086;Agendado;PREVENTIVA;SP03
24/10/16;1479945600;;6135;Agendado;PREVENTIVA;SP02
24/10/16;1479945600;;6204;Agendado;PREVENTIVA;SP01
24/10/16;1479945600;;6261;Agendado;PREVENTIVA;SP01
24/10/16;1479945600;;6302;Agendado;PREVENTIVA;SP01
24/10/16;1479945600;;6324;Agendado;PREVENTIVA;SP01
24/10/16;1479945600;;6363;Agendado;PREVENTIVA;SP06
24/10/16;1479945600;;6625;Agendado;PREVENTIVA;SP02
24/10/16;1480032000;;6057;Agendado;ASBUILT;SP01
24/10/16;1480032000;;6115;Agendado;ASBUILT;SP01
24/10/16;1480032000;;6230;Agendado;ASBUILT;SP06
24/10/16;1480032000;;6384;Agendado;ASBUILT;SP01
24/10/16;1480032000;;6387;Agendado;ASBUILT;SP01
24/10/16;1480032000;;6426;Agendado;ASBUILT;SP04
24/10/16;1480032000;;6630;Agendado;ASBUILT;SP04
24/10/16;1480032000;;6274;Agendado;ASBUILT;SP02
24/10/16;1480032000;;6274;Agendado;PREDITIVA;SP02
24/10/16;1480032000;;6057;Agendado;PREVENTIVA;SP01
24/10/16;1480032000;;6115;Agendado;PREVENTIVA;SP01
24/10/16;1480032000;;6230;Agendado;PREVENTIVA;SP06
24/10/16;1480032000;;6332;Agendado;PREVENTIVA;SP04
24/10/16;1480032000;;6384;Agendado;PREVENTIVA;SP01
24/10/16;1480032000;;6387;Agendado;PREVENTIVA;SP01
24/10/16;1480032000;;6426;Agendado;PREVENTIVA;SP04
24/10/16;1480032000;;6630;Agendado;PREVENTIVA;SP04
24/10/16;1480032000;;6274;Agendado;PREVENTIVA;SP02
24/10/16;1480032000;;6274;Agendado;SINALIZAÇÃO;SP02
24/10/16;1480118400;;6046;Agendado;ASBUILT;SP01
24/10/16;1480118400;;6181;Agendado;ASBUILT;SP03
24/10/16;1480118400;;6214;Agendado;ASBUILT;SP04
24/10/16;1480118400;;6357;Agendado;ASBUILT;SP04
24/10/16;1480118400;;6502;Agendado;ASBUILT;SP04
24/10/16;1480118400;;6046;Agendado;PREVENTIVA;SP01
24/10/16;1480118400;;6181;Agendado;PREVENTIVA;SP03
24/10/16;1480118400;;6186;Agendado;PREVENTIVA;SP06
24/10/16;1480118400;;6214;Agendado;PREVENTIVA;SP04
24/10/16;1480118400;;6357;Agendado;PREVENTIVA;SP04
24/10/16;1480118400;;6502;Agendado;PREVENTIVA;SP04
24/10/16;1480204800;;6508;Agendado;ASBUILT;SP03
24/10/16;1480204800;;6508;Agendado;PREVENTIVA;SP03
24/10/16;1480291200;;6253;Agendado;AÇÕES DE MELHORIAS;SP02
24/10/16;1480291200;;6051;Agendado;ASBUILT;SP02
24/10/16;1480291200;;6112;Agendado;ASBUILT;SP02
24/10/16;1480291200;;6129;Agendado;ASBUILT;SP02
24/10/16;1480291200;;6133;Agendado;ASBUILT;SP02
24/10/16;1480291200;;6187;Agendado;ASBUILT;SP02
24/10/16;1480291200;;6253;Agendado;ASBUILT;SP02
24/10/16;1480291200;;6413;Agendado;ASBUILT;SP02
24/10/16;1480291200;;6501;Agendado;ASBUILT;SP03
24/10/16;1480291200;;6656;Agendado;ASBUILT;SP03
24/10/16;1480291200;;6329;Agendado;ASBUILT;SP06
24/10/16;1480291200;;6051;Agendado;PREVENTIVA;SP02
24/10/16;1480291200;;6112;Agendado;PREVENTIVA;SP02
24/10/16;1480291200;;6129;Agendado;PREVENTIVA;SP02
24/10/16;1480291200;;6133;Agendado;PREVENTIVA;SP02
24/10/16;1480291200;;6187;Agendado;PREVENTIVA;SP02
24/10/16;1480291200;;6253;Agendado;PREVENTIVA;SP02
24/10/16;1480291200;;6413;Agendado;PREVENTIVA;SP02
24/10/16;1480291200;;6501;Agendado;PREVENTIVA;SP03
24/10/16;1480291200;;6656;Agendado;PREVENTIVA;SP03
24/10/16;1480291200;;6329;Agendado;PREVENTIVA;SP06
24/10/16;1480291200;;6330;Agendado;SINALIZAÇÃO;SP06
24/10/16;1480377600;;6334;Agendado;ASBUILT;SP03
24/10/16;1480377600;;6026;Agendado;ASBUILT;SP03
24/10/16;1480377600;;6032;Agendado;ASBUILT;SP03
24/10/16;1480377600;;6047;Agendado;ASBUILT;SP02
24/10/16;1480377600;;6094;Agendado;ASBUILT;SP03
24/10/16;1480377600;;6201;Agendado;ASBUILT;SP03
24/10/16;1480377600;;6219;Agendado;ASBUILT;SP04
24/10/16;1480377600;;6415;Agendado;ASBUILT;SP03
24/10/16;1480377600;;6484;Agendado;ASBUILT;SP04
24/10/16;1480377600;;6494;Agendado;ASBUILT;SP03
24/10/16;1480377600;;6026;Agendado;PREVENTIVA;SP03
24/10/16;1480377600;;6032;Agendado;PREVENTIVA;SP03
24/10/16;1480377600;;6047;Agendado;PREVENTIVA;SP02
24/10/16;1480377600;;6094;Agendado;PREVENTIVA;SP03
24/10/16;1480377600;;6201;Agendado;PREVENTIVA;SP03
24/10/16;1480377600;;6219;Agendado;PREVENTIVA;SP04
24/10/16;1480377600;;6415;Agendado;PREVENTIVA;SP03
24/10/16;1480377600;;6484;Agendado;PREVENTIVA;SP04
24/10/16;1480377600;;6494;Agendado;PREVENTIVA;SP03
24/10/16;1480464000;;6245;Agendado;AÇÕES DE MELHORIAS;SP01
24/10/16;1480464000;;6220;Agendado;ASBUILT;SP04
24/10/16;1480464000;;6034;Agendado;ASBUILT;SP02
24/10/16;1480464000;;6281;Agendado;ASBUILT;SP04
24/10/16;1480464000;;6242;Agendado;ASBUILT;SP01
24/10/16;1480464000;;6245;Agendado;ASBUILT;SP01
24/10/16;1480464000;;6428;Agendado;ASBUILT;SP04
24/10/16;1480464000;;6629;Agendado;ASBUILT;SP04
24/10/16;1480464000;;6634;Agendado;ASBUILT;SP04
24/10/16;1480464000;;6034;Agendado;PREVENTIVA;SP02
24/10/16;1480464000;;6281;Agendado;PREVENTIVA;SP04
24/10/16;1480464000;;6242;Agendado;PREVENTIVA;SP01
24/10/16;1480464000;;6245;Agendado;PREVENTIVA;SP01
24/10/16;1480464000;;6428;Agendado;PREVENTIVA;SP04
24/10/16;1480464000;;6629;Agendado;PREVENTIVA;SP04
24/10/16;1480464000;;6634;Agendado;PREVENTIVA;SP04
24/10/16;1480464000;;6490;Agendado;SINALIZAÇÃO;SP04
24/10/16;1480464000;;6281;Agendado;SINALIZAÇÃO;SP04
24/10/16;1480550400;;6028;Agendado;ASBUILT;SP01
24/10/16;1480550400;;6156;Agendado;ASBUILT;SP01
24/10/16;1480550400;;6255;Agendado;ASBUILT;SP04
24/10/16;1480550400;;6256;Agendado;ASBUILT;SP01
24/10/16;1480550400;;6304;Agendado;ASBUILT;SP01
24/10/16;1480550400;;6395;Agendado;ASBUILT;SP04
24/10/16;1480550400;;6412;Agendado;ASBUILT;SP01
24/10/16;1480550400;;6516;Agendado;ASBUILT;SP04
24/10/16;1480550400;;6028;Agendado;PREVENTIVA;SP01
24/10/16;1480550400;;6156;Agendado;PREVENTIVA;SP01
24/10/16;1480550400;;6256;Agendado;PREVENTIVA;SP01
24/10/16;1480550400;;6304;Agendado;PREVENTIVA;SP01
24/10/16;1480550400;;6395;Agendado;PREVENTIVA;SP04
24/10/16;1480550400;;6412;Agendado;PREVENTIVA;SP01
24/10/16;1480550400;;6516;Agendado;PREVENTIVA;SP04
24/10/16;1480550400;;6655;Agendado;PREVENTIVA;SP04
24/10/16;1480636800;;6659;Agendado;AÇÕES DE MELHORIAS;SP02
24/10/16;1480636800;;6325;Agendado;ASBUILT;SP02
24/10/16;1480636800;;6052;Agendado;ASBUILT;SP02
24/10/16;1480636800;;6145;Agendado;ASBUILT;SP02
24/10/16;1480636800;;6146;Agendado;ASBUILT;SP02
24/10/16;1480636800;;6023;Agendado;ASBUILT;SP02
24/10/16;1480636800;;6035;Agendado;ASBUILT;SP02
24/10/16;1480636800;;6151;Agendado;ASBUILT;SP02
24/10/16;1480636800;;6489;Agendado;ASBUILT;SP02
24/10/16;1480636800;;6659;Agendado;ASBUILT;SP02
24/10/16;1480636800;;6325;Agendado;PREVENTIVA;SP02
24/10/16;1480636800;;6052;Agendado;PREVENTIVA;SP02
24/10/16;1480636800;;6145;Agendado;PREVENTIVA;SP02
24/10/16;1480636800;;6146;Agendado;PREVENTIVA;SP02
24/10/16;1480636800;;6023;Agendado;PREVENTIVA;SP02
24/10/16;1480636800;;6035;Agendado;PREVENTIVA;SP02
24/10/16;1480636800;;6151;Agendado;PREVENTIVA;SP02
24/10/16;1480636800;;6489;Agendado;PREVENTIVA;SP02
24/10/16;1480636800;;6659;Agendado;PREVENTIVA;SP02
24/10/16;1480723200;;6185;Agendado;AÇÕES DE MELHORIAS;SP02
24/10/16;1480723200;;6083;Agendado;ASBUILT;SP02
24/10/16;1480723200;;6185;Agendado;ASBUILT;SP02
24/10/16;1480723200;;6191;Agendado;ASBUILT;SP02
24/10/16;1480723200;;6208;Agendado;ASBUILT;SP02
24/10/16;1480723200;;6257;Agendado;ASBUILT;SP01
24/10/16;1480723200;;6083;Agendado;PREVENTIVA;SP02
24/10/16;1480723200;;6185;Agendado;PREVENTIVA;SP02
24/10/16;1480723200;;6191;Agendado;PREVENTIVA;SP02
24/10/16;1480723200;;6208;Agendado;PREVENTIVA;SP02
24/10/16;1480723200;;6257;Agendado;PREVENTIVA;SP01
24/10/16;1480896000;;6070;Agendado;ASBUILT;SP02
24/10/16;1480896000;;6262;Agendado;ASBUILT;SP04
24/10/16;1480896000;;6283;Agendado;ASBUILT;SP04
24/10/16;1480896000;;6084;Agendado;ASBUILT;SP04
24/10/16;1480896000;;6298;Agendado;ASBUILT;SP03
24/10/16;1480896000;;6385;Agendado;ASBUILT;SP03
24/10/16;1480896000;;6462;Agendado;ASBUILT;SP04
24/10/16;1480896000;;6527;Agendado;ASBUILT;SP03
24/10/16;1480896000;;6070;Agendado;PREVENTIVA;SP02
24/10/16;1480896000;;6262;Agendado;PREVENTIVA;SP04
24/10/16;1480896000;;6283;Agendado;PREVENTIVA;SP04
24/10/16;1480896000;;6084;Agendado;PREVENTIVA;SP04
24/10/16;1480896000;;6136;Agendado;PREVENTIVA;SP03
24/10/16;1480896000;;6298;Agendado;PREVENTIVA;SP03
24/10/16;1480896000;;6385;Agendado;PREVENTIVA;SP03
24/10/16;1480896000;;6462;Agendado;PREVENTIVA;SP04
24/10/16;1480896000;;6527;Agendado;PREVENTIVA;SP03
24/10/16;1480982400;;6077;Agendado;AÇÕES DE MELHORIAS;SP03
24/10/16;1480982400;;6077;Agendado;ASBUILT;SP03
24/10/16;1480982400;;6102;Agendado;ASBUILT;SP03
24/10/16;1480982400;;6132;Agendado;ASBUILT;SP03
24/10/16;1480982400;;6234;Agendado;ASBUILT;SP02
24/10/16;1480982400;;6254;Agendado;ASBUILT;SP03
24/10/16;1480982400;;6068;Agendado;ASBUILT;SP03
24/10/16;1480982400;;6241;Agendado;ASBUILT;SP03
24/10/16;1480982400;;6377;Agendado;ASBUILT;SP03
24/10/16;1480982400;;6077;Agendado;PREVENTIVA;SP03
24/10/16;1480982400;;6102;Agendado;PREVENTIVA;SP03
24/10/16;1480982400;;6132;Agendado;PREVENTIVA;SP03
24/10/16;1480982400;;6234;Agendado;PREVENTIVA;SP02
24/10/16;1480982400;;6254;Agendado;PREVENTIVA;SP03
24/10/16;1480982400;;6068;Agendado;PREVENTIVA;SP03
24/10/16;1480982400;;6241;Agendado;PREVENTIVA;SP03
24/10/16;1480982400;;6377;Agendado;PREVENTIVA;SP03
24/10/16;1480982400;;6378;Agendado;PREVENTIVA;SP03
24/10/16;1481068800;;6190;Agendado;ASBUILT;SP02
24/10/16;1481068800;;6239;Agendado;ASBUILT;SP03
24/10/16;1481068800;;6350;Agendado;ASBUILT;SP04
24/10/16;1481068800;;6421;Agendado;ASBUILT;SP03
24/10/16;1481068800;;6425;Agendado;ASBUILT;SP04
24/10/16;1481068800;;6605;Agendado;ASBUILT;SP04
24/10/16;1481068800;;6255;Agendado;PREVENTIVA;SP04
24/10/16;1481068800;;6190;Agendado;PREVENTIVA;SP02
24/10/16;1481068800;;6239;Agendado;PREVENTIVA;SP03
24/10/16;1481068800;;6350;Agendado;PREVENTIVA;SP04
24/10/16;1481068800;;6421;Agendado;PREVENTIVA;SP03
24/10/16;1481068800;;6425;Agendado;PREVENTIVA;SP04
24/10/16;1481068800;;6605;Agendado;PREVENTIVA;SP04
24/10/16;1481155200;;6658;Agendado;ASBUILT;SP02
24/10/16;1481155200;;6118;Agendado;ASBUILT;SP03
24/10/16;1481155200;;6131;Agendado;ASBUILT;SP03
24/10/16;1481155200;;6390;Agendado;ASBUILT;SP01
24/10/16;1481155200;;6128;Agendado;PREVENTIVA;SP03
24/10/16;1481155200;;6658;Agendado;PREVENTIVA;SP02
24/10/16;1481155200;;6118;Agendado;PREVENTIVA;SP03
24/10/16;1481155200;;6131;Agendado;PREVENTIVA;SP03
24/10/16;1481155200;;6390;Agendado;PREVENTIVA;SP01
24/10/16;1481241600;;6092;Agendado;AÇÕES DE MELHORIAS;SP03
24/10/16;1481241600;;6454;Agendado;ASBUILT;SP04
24/10/16;1481241600;;6487;Agendado;ASBUILT;SP04
24/10/16;1481241600;;6266;Agendado;ASBUILT;SP02
24/10/16;1481241600;;6092;Agendado;ASBUILT;SP03
24/10/16;1481241600;;6335;Agendado;ASBUILT;SP03
24/10/16;1481241600;;6373;Agendado;ASBUILT;SP04
24/10/16;1481241600;;6454;Agendado;PREVENTIVA;SP04
24/10/16;1481241600;;6092;Agendado;PREVENTIVA;SP03
24/10/16;1481241600;;6335;Agendado;PREVENTIVA;SP03
24/10/16;1481241600;;6373;Agendado;PREVENTIVA;SP04
24/10/16;1481328000;;6374;Agendado;ASBUILT;SP04
24/10/16;1481328000;;6374;Agendado;PREVENTIVA;SP04
